image_id,source_dataset,filename,n_annotations,annotators,consensus_label,consensus_vote_count,consensus_status,label_counts_json,left_votes,right_votes,bilateral_midline_votes,unable_to_determine_votes,not_applicable_votes,inconsistent_or_missing_votes,lr_vote_count,high_confidence_vote_count,body_part_consensus,body_part_consensus_vote_count,body_part_counts_json,landmark_visibility_consensus,landmark_visibility_consensus_vote_count,landmark_visibility_counts_json,distinct_landmark_vote_count,limited_or_distinct_landmark_vote_count,multiple_persons_or_limbs_yes_vote_count,flag_review_vote_count,target_clear_vote_count,primary_probe_candidate_basic,strict_single_subject_lr_candidate,manifest_source_dataset,manifest_master_filename,source_dataset_clean,source_display_name,source_short_name,is_skindeep,direct_left_right_conflict,no_majority_case,nonlr_only_disagreement_auto_bilat,needs_expert_adjudication_under_rule,final_patient_laterality,final_label_source,final_gt_status,final_gt_include,final_lr_probe_include,final_resolution_note,final_laterality_confidence,final_body_region,final_landmark_visibility,adjudication_status,adjudication_id,final_laterality_determinable,final_landmark_visible
DLB_00011822,skindeep_clinical_images,images/DLB_00011822.jpg,3,Avery|Mitchell|Sakura,BILATERAL_OR_MIDLINE,2,MAJORITY_2_OF_3,"{""BILATERAL_OR_MIDLINE"": 2, ""UNABLE_TO_DETERMINE"": 1}",0,0,2,1,0,0,0,3,abdomen,3,"{""abdomen"": 3}",distinct_landmarks,3,"{""distinct_landmarks"": 3}",3,3,0,0,3,False,False,skindeep_clinical_images,DLB_00011822.jpg,skindeep_clinical_images,Skin Deep: Paediatric Dermatology Image Resource,Skin Deep,True,False,False,True,False,BILATERAL_OR_MIDLINE,AUTO_RULE_NONLR_ONLY_TO_BILATERAL_MIDLINE,FINAL,YES,NO,AUTO_RULE_ONLY_UTD_OR_BILATERAL_LABELS,,,,,,,
DLB_00011823,skindeep_clinical_images,images/DLB_00011823.jpg,3,Avery|Hana|Mitchell,RIGHT,3,FULL_AGREEMENT,"{""RIGHT"": 3}",0,3,0,0,0,0,3,3,thigh,3,"{""thigh"": 3}",distinct_landmarks,3,"{""distinct_landmarks"": 3}",3,3,2,0,3,True,False,skindeep_clinical_images,DLB_00011823.jpg,skindeep_clinical_images,Skin Deep: Paediatric Dermatology Image Resource,Skin Deep,True,False,False,False,False,RIGHT,MAJORITY_OR_FULL_CONSENSUS,FINAL,YES,YES,,,,,,,,
DLB_00011824,skindeep_clinical_images,images/DLB_00011824.jpg,3,Hana|Mitchell|Sakura,RIGHT,2,MAJORITY_2_OF_3,"{""RIGHT"": 2, ""UNABLE_TO_DETERMINE"": 1}",0,2,0,1,0,0,2,1,upper_arm,1,"{""other"": 1, ""unable_to_determine"": 1, ""upper_arm"": 1}",limited_landmarks,1,"{""distinct_landmarks"": 1, ""limited_landmarks"": 1, ""no_landmarks"": 1}",1,2,0,0,3,False,False,skindeep_clinical_images,DLB_00011824.jpg,skindeep_clinical_images,Skin Deep: Paediatric Dermatology Image Resource,Skin Deep,True,False,False,False,False,RIGHT,MAJORITY_OR_FULL_CONSENSUS,FINAL,YES,NO,,,,,,,,
DLB_00011825,skindeep_clinical_images,images/DLB_00011825.jpg,3,Avery|Hana|Sakura,BILATERAL_OR_MIDLINE,3,FULL_AGREEMENT,"{""BILATERAL_OR_MIDLINE"": 3}",0,0,3,0,0,0,0,3,buttock,3,"{""buttock"": 3}",distinct_landmarks,3,"{""distinct_landmarks"": 3}",3,3,0,0,3,False,False,skindeep_clinical_images,DLB_00011825.jpg,skindeep_clinical_images,Skin Deep: Paediatric Dermatology Image Resource,Skin Deep,True,False,False,False,False,BILATERAL_OR_MIDLINE,MAJORITY_OR_FULL_CONSENSUS,FINAL,YES,NO,,,,,,,,
DLB_00011826,skindeep_clinical_images,images/DLB_00011826.jpg,3,Avery|Mitchell|Sakura,UNABLE_TO_DETERMINE,2,MAJORITY_2_OF_3,"{""RIGHT"": 1, ""UNABLE_TO_DETERMINE"": 2}",0,1,0,2,0,0,1,1,unable_to_determine,2,"{""lower_leg"": 1, ""unable_to_determine"": 2}",no_landmarks,2,"{""distinct_landmarks"": 1, ""no_landmarks"": 2}",1,1,1,0,2,False,False,skindeep_clinical_images,DLB_00011826.jpg,skindeep_clinical_images,Skin Deep: Paediatric Dermatology Image Resource,Skin Deep,True,False,False,False,False,UNABLE_TO_DETERMINE,CLINICAL_EXPERT,FINAL,YES,NO,SkinDeep prior adjudication incorporated.,,,,,,,
DLB_00011827,skindeep_clinical_images,images/DLB_00011827.jpg,3,Avery|Hana|Mitchell,BILATERAL_OR_MIDLINE,3,FULL_AGREEMENT,"{""BILATERAL_OR_MIDLINE"": 3}",0,0,3,0,0,0,0,3,back,2,"{""back"": 2, ""buttock"": 1}",distinct_landmarks,3,"{""distinct_landmarks"": 3}",3,3,0,0,3,False,False,skindeep_clinical_images,DLB_00011827.jpg,skindeep_clinical_images,Skin Deep: Paediatric Dermatology Image Resource,Skin Deep,True,False,False,False,False,BILATERAL_OR_MIDLINE,MAJORITY_OR_FULL_CONSENSUS,FINAL,YES,NO,,,,,,,,
DLB_00011828,skindeep_clinical_images,images/DLB_00011828.jpg,3,Hana|Mitchell|Sakura,UNABLE_TO_DETERMINE,2,MAJORITY_2_OF_3,"{""RIGHT"": 1, ""UNABLE_TO_DETERMINE"": 2}",0,1,0,2,0,0,1,1,neck,1,"{""back"": 1, ""neck"": 1, ""unable_to_determine"": 1}",limited_landmarks,1,"{""distinct_landmarks"": 1, ""limited_landmarks"": 1, ""no_landmarks"": 1}",1,2,0,0,3,False,False,skindeep_clinical_images,DLB_00011828.jpg,skindeep_clinical_images,Skin Deep: Paediatric Dermatology Image Resource,Skin Deep,True,False,False,False,False,UNABLE_TO_DETERMINE,CLINICAL_EXPERT,FINAL,YES,NO,SkinDeep prior adjudication incorporated.,,,,,,,
DLB_00011829,skindeep_clinical_images,images/DLB_00011829.jpg,3,Avery|Hana|Sakura,RIGHT,3,FULL_AGREEMENT,"{""RIGHT"": 3}",0,3,0,0,0,0,3,3,face,3,"{""face"": 3}",distinct_landmarks,3,"{""distinct_landmarks"": 3}",3,3,0,0,3,True,True,skindeep_clinical_images,DLB_00011829.jpg,skindeep_clinical_images,Skin Deep: Paediatric Dermatology Image Resource,Skin Deep,True,False,False,False,False,RIGHT,MAJORITY_OR_FULL_CONSENSUS,FINAL,YES,YES,,,,,,,,
DLB_00011830,skindeep_clinical_images,images/DLB_00011830.jpg,3,Avery|Mitchell|Sakura,RIGHT,3,FULL_AGREEMENT,"{""RIGHT"": 3}",0,3,0,0,0,0,3,3,upper_arm,3,"{""upper_arm"": 3}",distinct_landmarks,3,"{""distinct_landmarks"": 3}",3,3,1,0,3,True,False,skindeep_clinical_images,DLB_00011830.jpg,skindeep_clinical_images,Skin Deep: Paediatric Dermatology Image Resource,Skin Deep,True,False,False,False,False,RIGHT,MAJORITY_OR_FULL_CONSENSUS,FINAL,YES,YES,,,,,,,,
DLB_00011831,skindeep_clinical_images,images/DLB_00011831.jpg,3,Avery|Hana|Mitchell,RIGHT,3,FULL_AGREEMENT,"{""RIGHT"": 3}",0,3,0,0,0,0,3,3,hand,3,"{""hand"": 3}",distinct_landmarks,3,"{""distinct_landmarks"": 3}",3,3,0,0,3,True,True,skindeep_clinical_images,DLB_00011831.jpg,skindeep_clinical_images,Skin Deep: Paediatric Dermatology Image Resource,Skin Deep,True,False,False,False,False,RIGHT,MAJORITY_OR_FULL_CONSENSUS,FINAL,YES,YES,,,,,,,,
DLB_00011832,skindeep_clinical_images,images/DLB_00011832.jpg,3,Hana|Mitchell|Sakura,LEFT,3,FULL_AGREEMENT,"{""LEFT"": 3}",3,0,0,0,0,0,3,3,foot,3,"{""foot"": 3}",distinct_landmarks,3,"{""distinct_landmarks"": 3}",3,3,0,0,3,True,True,skindeep_clinical_images,DLB_00011832.jpg,skindeep_clinical_images,Skin Deep: Paediatric Dermatology Image Resource,Skin Deep,True,False,False,False,False,LEFT,MAJORITY_OR_FULL_CONSENSUS,FINAL,YES,YES,,,,,,,,
DLB_00011833,skindeep_clinical_images,images/DLB_00011833.jpg,3,Avery|Hana|Sakura,BILATERAL_OR_MIDLINE,3,FULL_AGREEMENT,"{""BILATERAL_OR_MIDLINE"": 3}",0,0,3,0,0,0,0,3,face,3,"{""face"": 3}",distinct_landmarks,3,"{""distinct_landmarks"": 3}",3,3,0,0,3,False,False,skindeep_clinical_images,DLB_00011833.jpg,skindeep_clinical_images,Skin Deep: Paediatric Dermatology Image Resource,Skin Deep,True,False,False,False,False,BILATERAL_OR_MIDLINE,MAJORITY_OR_FULL_CONSENSUS,FINAL,YES,NO,,,,,,,,
DLB_00011834,skindeep_clinical_images,images/DLB_00011834.jpg,3,Avery|Mitchell|Sakura,LEFT,3,FULL_AGREEMENT,"{""LEFT"": 3}",3,0,0,0,0,0,3,3,foot,3,"{""foot"": 3}",distinct_landmarks,3,"{""distinct_landmarks"": 3}",3,3,0,0,3,True,True,skindeep_clinical_images,DLB_00011834.jpg,skindeep_clinical_images,Skin Deep: Paediatric Dermatology Image Resource,Skin Deep,True,False,False,False,False,LEFT,MAJORITY_OR_FULL_CONSENSUS,FINAL,YES,YES,,,,,,,,
DLB_00011835,skindeep_clinical_images,images/DLB_00011835.jpg,3,Avery|Hana|Mitchell,BILATERAL_OR_MIDLINE,3,FULL_AGREEMENT,"{""BILATERAL_OR_MIDLINE"": 3}",0,0,3,0,0,0,0,3,face,2,"{""face"": 2, ""other"": 1}",distinct_landmarks,3,"{""distinct_landmarks"": 3}",3,3,0,0,3,False,False,skindeep_clinical_images,DLB_00011835.jpg,skindeep_clinical_images,Skin Deep: Paediatric Dermatology Image Resource,Skin Deep,True,False,False,False,False,BILATERAL_OR_MIDLINE,MAJORITY_OR_FULL_CONSENSUS,FINAL,YES,NO,,,,,,,,
DLB_00011836,skindeep_clinical_images,images/DLB_00011836.jpg,3,Hana|Mitchell|Sakura,UNABLE_TO_DETERMINE,3,FULL_AGREEMENT,"{""UNABLE_TO_DETERMINE"": 3}",0,0,0,3,0,0,0,0,unable_to_determine,3,"{""unable_to_determine"": 3}",no_landmarks,3,"{""no_landmarks"": 3}",0,0,0,0,2,False,False,skindeep_clinical_images,DLB_00011836.jpg,skindeep_clinical_images,Skin Deep: Paediatric Dermatology Image Resource,Skin Deep,True,False,False,False,False,UNABLE_TO_DETERMINE,MAJORITY_OR_FULL_CONSENSUS,FINAL,YES,NO,,,,,,,,
DLB_00011837,skindeep_clinical_images,images/DLB_00011837.jpg,3,Avery|Hana|Sakura,LEFT,3,FULL_AGREEMENT,"{""LEFT"": 3}",3,0,0,0,0,0,3,3,finger,2,"{""finger"": 2, ""hand"": 1}",distinct_landmarks,3,"{""distinct_landmarks"": 3}",3,3,1,0,3,True,False,skindeep_clinical_images,DLB_00011837.jpg,skindeep_clinical_images,Skin Deep: Paediatric Dermatology Image Resource,Skin Deep,True,False,False,False,False,LEFT,MAJORITY_OR_FULL_CONSENSUS,FINAL,YES,YES,,,,,,,,
DLB_00011838,skindeep_clinical_images,images/DLB_00011838.jpg,3,Avery|Mitchell|Sakura,RIGHT,3,FULL_AGREEMENT,"{""RIGHT"": 3}",0,3,0,0,0,0,3,3,multiple,2,"{""multiple"": 2, ""other"": 1}",distinct_landmarks,3,"{""distinct_landmarks"": 3}",3,3,1,0,3,True,False,skindeep_clinical_images,DLB_00011838.jpg,skindeep_clinical_images,Skin Deep: Paediatric Dermatology Image Resource,Skin Deep,True,False,False,False,False,RIGHT,MAJORITY_OR_FULL_CONSENSUS,FINAL,YES,YES,,,,,,,,
DLB_00011839,skindeep_clinical_images,images/DLB_00011839.jpg,3,Avery|Hana|Mitchell,RIGHT,3,FULL_AGREEMENT,"{""RIGHT"": 3}",0,3,0,0,0,0,3,3,face,2,"{""face"": 2, ""multiple"": 1}",distinct_landmarks,3,"{""distinct_landmarks"": 3}",3,3,0,0,3,True,True,skindeep_clinical_images,DLB_00011839.jpg,skindeep_clinical_images,Skin Deep: Paediatric Dermatology Image Resource,Skin Deep,True,False,False,False,False,RIGHT,MAJORITY_OR_FULL_CONSENSUS,FINAL,YES,YES,,,,,,,,
DLB_00011840,skindeep_clinical_images,images/DLB_00011840.jpg,3,Hana|Mitchell|Sakura,UNABLE_TO_DETERMINE,3,FULL_AGREEMENT,"{""UNABLE_TO_DETERMINE"": 3}",0,0,0,3,0,0,0,0,unable_to_determine,3,"{""unable_to_determine"": 3}",no_landmarks,3,"{""no_landmarks"": 3}",0,0,0,0,2,False,False,skindeep_clinical_images,DLB_00011840.jpg,skindeep_clinical_images,Skin Deep: Paediatric Dermatology Image Resource,Skin Deep,True,False,False,False,False,UNABLE_TO_DETERMINE,MAJORITY_OR_FULL_CONSENSUS,FINAL,YES,NO,,,,,,,,
DLB_00011841,skindeep_clinical_images,images/DLB_00011841.jpg,3,Avery|Hana|Sakura,LEFT,3,FULL_AGREEMENT,"{""LEFT"": 3}",3,0,0,0,0,0,3,3,ankle,2,"{""ankle"": 2, ""multiple"": 1}",distinct_landmarks,3,"{""distinct_landmarks"": 3}",3,3,2,0,3,True,False,skindeep_clinical_images,DLB_00011841.jpg,skindeep_clinical_images,Skin Deep: Paediatric Dermatology Image Resource,Skin Deep,True,False,False,False,False,LEFT,MAJORITY_OR_FULL_CONSENSUS,FINAL,YES,YES,,,,,,,,
DLB_00011842,skindeep_clinical_images,images/DLB_00011842.jpg,3,Avery|Mitchell|Sakura,RIGHT,2,MAJORITY_2_OF_3,"{""RIGHT"": 2, ""UNABLE_TO_DETERMINE"": 1}",0,2,0,1,0,0,2,2,upper_arm,2,"{""unable_to_determine"": 1, ""upper_arm"": 2}",distinct_landmarks,2,"{""distinct_landmarks"": 2, ""no_landmarks"": 1}",2,2,2,0,2,True,False,skindeep_clinical_images,DLB_00011842.jpg,skindeep_clinical_images,Skin Deep: Paediatric Dermatology Image Resource,Skin Deep,True,False,False,False,False,RIGHT,CLINICAL_EXPERT,FINAL,YES,YES,SkinDeep prior adjudication incorporated.,,,,,,,
DLB_00011843,skindeep_clinical_images,images/DLB_00011843.jpg,3,Avery|Hana|Mitchell,BILATERAL_OR_MIDLINE,2,MAJORITY_2_OF_3,"{""BILATERAL_OR_MIDLINE"": 2, ""UNABLE_TO_DETERMINE"": 1}",0,0,2,1,0,0,0,3,multiple,3,"{""multiple"": 3}",distinct_landmarks,3,"{""distinct_landmarks"": 3}",3,3,2,0,3,False,False,skindeep_clinical_images,DLB_00011843.jpg,skindeep_clinical_images,Skin Deep: Paediatric Dermatology Image Resource,Skin Deep,True,False,False,True,False,BILATERAL_OR_MIDLINE,AUTO_RULE_NONLR_ONLY_TO_BILATERAL_MIDLINE,FINAL,YES,NO,AUTO_RULE_ONLY_UTD_OR_BILATERAL_LABELS,,,,,,,
DLB_00011844,skindeep_clinical_images,images/DLB_00011844.jpg,3,Hana|Mitchell|Sakura,RIGHT,3,FULL_AGREEMENT,"{""RIGHT"": 3}",0,3,0,0,0,0,3,3,scalp,3,"{""scalp"": 3}",distinct_landmarks,3,"{""distinct_landmarks"": 3}",3,3,0,0,3,True,True,skindeep_clinical_images,DLB_00011844.jpg,skindeep_clinical_images,Skin Deep: Paediatric Dermatology Image Resource,Skin Deep,True,False,False,False,False,RIGHT,MAJORITY_OR_FULL_CONSENSUS,FINAL,YES,YES,,,,,,,,
DLB_00011845,skindeep_clinical_images,images/DLB_00011845.jpg,3,Avery|Hana|Sakura,BILATERAL_OR_MIDLINE,3,FULL_AGREEMENT,"{""BILATERAL_OR_MIDLINE"": 3}",0,0,3,0,0,0,0,3,neck,2,"{""multiple"": 1, ""neck"": 2}",distinct_landmarks,3,"{""distinct_landmarks"": 3}",3,3,0,0,3,False,False,skindeep_clinical_images,DLB_00011845.jpg,skindeep_clinical_images,Skin Deep: Paediatric Dermatology Image Resource,Skin Deep,True,False,False,False,False,BILATERAL_OR_MIDLINE,MAJORITY_OR_FULL_CONSENSUS,FINAL,YES,NO,,,,,,,,
DLB_00011846,skindeep_clinical_images,images/DLB_00011846.jpg,3,Avery|Mitchell|Sakura,LEFT,3,FULL_AGREEMENT,"{""LEFT"": 3}",3,0,0,0,0,0,3,3,face,3,"{""face"": 3}",distinct_landmarks,3,"{""distinct_landmarks"": 3}",3,3,0,0,3,True,True,skindeep_clinical_images,DLB_00011846.jpg,skindeep_clinical_images,Skin Deep: Paediatric Dermatology Image Resource,Skin Deep,True,False,False,False,False,LEFT,MAJORITY_OR_FULL_CONSENSUS,FINAL,YES,YES,,,,,,,,
DLB_00011847,skindeep_clinical_images,images/DLB_00011847.jpg,3,Avery|Hana|Mitchell,LEFT,2,MAJORITY_2_OF_3,"{""LEFT"": 2, ""UNABLE_TO_DETERMINE"": 1}",2,0,0,1,0,0,2,2,other,2,"{""other"": 2, ""unable_to_determine"": 1}",distinct_landmarks,2,"{""distinct_landmarks"": 2, ""no_landmarks"": 1}",2,2,0,0,3,True,True,skindeep_clinical_images,DLB_00011847.jpg,skindeep_clinical_images,Skin Deep: Paediatric Dermatology Image Resource,Skin Deep,True,False,False,False,False,LEFT,MAJORITY_OR_FULL_CONSENSUS,FINAL,YES,YES,,,,,,,,
DLB_00011848,skindeep_clinical_images,images/DLB_00011848.jpg,3,Hana|Mitchell|Sakura,BILATERAL_OR_MIDLINE,2,MAJORITY_2_OF_3,"{""BILATERAL_OR_MIDLINE"": 2, ""UNABLE_TO_DETERMINE"": 1}",0,0,2,1,0,0,0,3,face,3,"{""face"": 3}",distinct_landmarks,3,"{""distinct_landmarks"": 3}",3,3,2,0,3,False,False,skindeep_clinical_images,DLB_00011848.jpg,skindeep_clinical_images,Skin Deep: Paediatric Dermatology Image Resource,Skin Deep,True,False,False,True,False,BILATERAL_OR_MIDLINE,AUTO_RULE_NONLR_ONLY_TO_BILATERAL_MIDLINE,FINAL,YES,NO,AUTO_RULE_ONLY_UTD_OR_BILATERAL_LABELS,,,,,,,
DLB_00011849,skindeep_clinical_images,images/DLB_00011849.jpg,3,Avery|Hana|Sakura,RIGHT,3,FULL_AGREEMENT,"{""RIGHT"": 3}",0,3,0,0,0,0,3,3,hand,3,"{""hand"": 3}",distinct_landmarks,3,"{""distinct_landmarks"": 3}",3,3,0,0,3,True,True,skindeep_clinical_images,DLB_00011849.jpg,skindeep_clinical_images,Skin Deep: Paediatric Dermatology Image Resource,Skin Deep,True,False,False,False,False,RIGHT,MAJORITY_OR_FULL_CONSENSUS,FINAL,YES,YES,,,,,,,,
DLB_00011850,skindeep_clinical_images,images/DLB_00011850.jpg,3,Avery|Mitchell|Sakura,LEFT,3,FULL_AGREEMENT,"{""LEFT"": 3}",3,0,0,0,0,0,3,3,lower_leg,2,"{""lower_leg"": 2, ""multiple"": 1}",distinct_landmarks,3,"{""distinct_landmarks"": 3}",3,3,1,0,3,True,False,skindeep_clinical_images,DLB_00011850.jpg,skindeep_clinical_images,Skin Deep: Paediatric Dermatology Image Resource,Skin Deep,True,False,False,False,False,LEFT,MAJORITY_OR_FULL_CONSENSUS,FINAL,YES,YES,,,,,,,,
DLB_00011851,skindeep_clinical_images,images/DLB_00011851.jpg,3,Avery|Hana|Mitchell,UNABLE_TO_DETERMINE,3,FULL_AGREEMENT,"{""UNABLE_TO_DETERMINE"": 3}",0,0,0,3,0,0,0,0,unable_to_determine,3,"{""unable_to_determine"": 3}",no_landmarks,3,"{""no_landmarks"": 3}",0,0,0,0,1,False,False,skindeep_clinical_images,DLB_00011851.jpg,skindeep_clinical_images,Skin Deep: Paediatric Dermatology Image Resource,Skin Deep,True,False,False,False,False,UNABLE_TO_DETERMINE,MAJORITY_OR_FULL_CONSENSUS,FINAL,YES,NO,,,,,,,,
DLB_00011852,skindeep_clinical_images,images/DLB_00011852.jpg,3,Hana|Mitchell|Sakura,RIGHT,3,FULL_AGREEMENT,"{""RIGHT"": 3}",0,3,0,0,0,0,3,3,hand,3,"{""hand"": 3}",distinct_landmarks,3,"{""distinct_landmarks"": 3}",3,3,0,0,3,True,True,skindeep_clinical_images,DLB_00011852.jpg,skindeep_clinical_images,Skin Deep: Paediatric Dermatology Image Resource,Skin Deep,True,False,False,False,False,RIGHT,MAJORITY_OR_FULL_CONSENSUS,FINAL,YES,YES,,,,,,,,
DLB_00011853,skindeep_clinical_images,images/DLB_00011853.jpg,3,Avery|Hana|Sakura,RIGHT,3,FULL_AGREEMENT,"{""RIGHT"": 3}",0,3,0,0,0,0,3,3,face,2,"{""face"": 2, ""other"": 1}",distinct_landmarks,3,"{""distinct_landmarks"": 3}",3,3,0,0,3,True,True,skindeep_clinical_images,DLB_00011853.jpg,skindeep_clinical_images,Skin Deep: Paediatric Dermatology Image Resource,Skin Deep,True,False,False,False,False,BILATERAL_OR_MIDLINE,CLINICAL_EXPERT,FINAL,YES,NO,BILATERAL_OR_MIDLINE_ANATOMY,,,,,,,
DLB_00011854,skindeep_clinical_images,images/DLB_00011854.jpg,3,Avery|Mitchell|Sakura,BILATERAL_OR_MIDLINE,3,FULL_AGREEMENT,"{""BILATERAL_OR_MIDLINE"": 3}",0,0,3,0,0,0,0,3,scalp,3,"{""scalp"": 3}",distinct_landmarks,3,"{""distinct_landmarks"": 3}",3,3,0,0,3,False,False,skindeep_clinical_images,DLB_00011854.jpg,skindeep_clinical_images,Skin Deep: Paediatric Dermatology Image Resource,Skin Deep,True,False,False,False,False,BILATERAL_OR_MIDLINE,MAJORITY_OR_FULL_CONSENSUS,FINAL,YES,NO,,,,,,,,
DLB_00011855,skindeep_clinical_images,images/DLB_00011855.jpg,3,Avery|Hana|Mitchell,RIGHT,2,MAJORITY_2_OF_3,"{""BILATERAL_OR_MIDLINE"": 1, ""RIGHT"": 2}",0,2,1,0,0,0,2,3,scalp,3,"{""scalp"": 3}",distinct_landmarks,3,"{""distinct_landmarks"": 3}",3,3,0,0,3,True,True,skindeep_clinical_images,DLB_00011855.jpg,skindeep_clinical_images,Skin Deep: Paediatric Dermatology Image Resource,Skin Deep,True,False,False,False,False,BILATERAL_OR_MIDLINE,CLINICAL_EXPERT,FINAL,YES,NO,BILATERAL_OR_MIDLINE_ANATOMY,,,,,,,
DLB_00011856,skindeep_clinical_images,images/DLB_00011856.jpg,3,Hana|Mitchell|Sakura,NO_MAJORITY,1,THREE_WAY_DISAGREEMENT,"{""BILATERAL_OR_MIDLINE"": 1, ""RIGHT"": 1, ""UNABLE_TO_DETERMINE"": 1}",0,1,1,1,0,0,1,2,chest,2,"{""chest"": 2, ""unable_to_determine"": 1}",distinct_landmarks,2,"{""distinct_landmarks"": 2, ""no_landmarks"": 1}",2,2,0,0,2,False,False,skindeep_clinical_images,DLB_00011856.jpg,skindeep_clinical_images,Skin Deep: Paediatric Dermatology Image Resource,Skin Deep,True,False,True,False,True,BILATERAL_OR_MIDLINE,CLINICAL_EXPERT,FINAL,YES,NO,BILATERAL_OR_MIDLINE_ANATOMY,,,,,,,
DLB_00011857,skindeep_clinical_images,images/DLB_00011857.jpg,3,Avery|Hana|Sakura,UNABLE_TO_DETERMINE,2,MAJORITY_2_OF_3,"{""BILATERAL_OR_MIDLINE"": 1, ""UNABLE_TO_DETERMINE"": 2}",0,0,1,2,0,0,0,3,abdomen,3,"{""abdomen"": 3}",distinct_landmarks,3,"{""distinct_landmarks"": 3}",3,3,0,0,3,False,False,skindeep_clinical_images,DLB_00011857.jpg,skindeep_clinical_images,Skin Deep: Paediatric Dermatology Image Resource,Skin Deep,True,False,False,True,False,BILATERAL_OR_MIDLINE,CLINICAL_EXPERT,FINAL,YES,NO,SkinDeep prior adjudication incorporated.,,,,,,,
DLB_00011858,skindeep_clinical_images,images/DLB_00011858.jpg,3,Avery|Mitchell|Sakura,BILATERAL_OR_MIDLINE,3,FULL_AGREEMENT,"{""BILATERAL_OR_MIDLINE"": 3}",0,0,3,0,0,0,0,3,face,3,"{""face"": 3}",distinct_landmarks,3,"{""distinct_landmarks"": 3}",3,3,0,0,3,False,False,skindeep_clinical_images,DLB_00011858.jpg,skindeep_clinical_images,Skin Deep: Paediatric Dermatology Image Resource,Skin Deep,True,False,False,False,False,BILATERAL_OR_MIDLINE,MAJORITY_OR_FULL_CONSENSUS,FINAL,YES,NO,,,,,,,,
DLB_00011859,skindeep_clinical_images,images/DLB_00011859.jpg,3,Avery|Hana|Mitchell,RIGHT,3,FULL_AGREEMENT,"{""RIGHT"": 3}",0,3,0,0,0,0,3,3,multiple,2,"{""face"": 1, ""multiple"": 2}",distinct_landmarks,3,"{""distinct_landmarks"": 3}",3,3,0,0,3,True,True,skindeep_clinical_images,DLB_00011859.jpg,skindeep_clinical_images,Skin Deep: Paediatric Dermatology Image Resource,Skin Deep,True,False,False,False,False,RIGHT,MAJORITY_OR_FULL_CONSENSUS,FINAL,YES,YES,,,,,,,,
DLB_00011860,skindeep_clinical_images,images/DLB_00011860.jpg,3,Hana|Mitchell|Sakura,BILATERAL_OR_MIDLINE,2,MAJORITY_2_OF_3,"{""BILATERAL_OR_MIDLINE"": 2, ""LEFT"": 1}",1,0,2,0,0,0,1,3,abdomen,3,"{""abdomen"": 3}",distinct_landmarks,3,"{""distinct_landmarks"": 3}",3,3,0,0,3,False,False,skindeep_clinical_images,DLB_00011860.jpg,skindeep_clinical_images,Skin Deep: Paediatric Dermatology Image Resource,Skin Deep,True,False,False,False,False,BILATERAL_OR_MIDLINE,CLINICAL_EXPERT,FINAL,YES,NO,SkinDeep prior adjudication incorporated.,,,,,,,
DLB_00011861,skindeep_clinical_images,images/DLB_00011861.jpg,3,Avery|Hana|Sakura,RIGHT,3,FULL_AGREEMENT,"{""RIGHT"": 3}",0,3,0,0,0,0,3,3,forearm,3,"{""forearm"": 3}",distinct_landmarks,3,"{""distinct_landmarks"": 3}",3,3,2,0,3,True,False,skindeep_clinical_images,DLB_00011861.jpg,skindeep_clinical_images,Skin Deep: Paediatric Dermatology Image Resource,Skin Deep,True,False,False,False,False,BILATERAL_OR_MIDLINE,CLINICAL_EXPERT,FINAL,YES,NO,SkinDeep prior adjudication incorporated.,,,,,,,
DLB_00011862,skindeep_clinical_images,images/DLB_00011862.jpg,3,Avery|Mitchell|Sakura,BILATERAL_OR_MIDLINE,3,FULL_AGREEMENT,"{""BILATERAL_OR_MIDLINE"": 3}",0,0,3,0,0,0,0,3,other,3,"{""other"": 3}",distinct_landmarks,3,"{""distinct_landmarks"": 3}",3,3,0,0,3,False,False,skindeep_clinical_images,DLB_00011862.jpg,skindeep_clinical_images,Skin Deep: Paediatric Dermatology Image Resource,Skin Deep,True,False,False,False,False,BILATERAL_OR_MIDLINE,MAJORITY_OR_FULL_CONSENSUS,FINAL,YES,NO,,,,,,,,
DLB_00011863,skindeep_clinical_images,images/DLB_00011863.jpg,3,Avery|Hana|Mitchell,LEFT,2,MAJORITY_2_OF_3,"{""BILATERAL_OR_MIDLINE"": 1, ""LEFT"": 2}",2,0,1,0,0,0,2,3,chest,3,"{""chest"": 3}",distinct_landmarks,3,"{""distinct_landmarks"": 3}",3,3,0,0,3,True,True,skindeep_clinical_images,DLB_00011863.jpg,skindeep_clinical_images,Skin Deep: Paediatric Dermatology Image Resource,Skin Deep,True,False,False,False,False,LEFT,MAJORITY_OR_FULL_CONSENSUS,FINAL,YES,YES,,,,,,,,
DLB_00011864,skindeep_clinical_images,images/DLB_00011864.jpg,3,Hana|Mitchell|Sakura,UNABLE_TO_DETERMINE,3,FULL_AGREEMENT,"{""UNABLE_TO_DETERMINE"": 3}",0,0,0,3,0,0,0,0,unable_to_determine,3,"{""unable_to_determine"": 3}",no_landmarks,3,"{""no_landmarks"": 3}",0,0,0,0,2,False,False,skindeep_clinical_images,DLB_00011864.jpg,skindeep_clinical_images,Skin Deep: Paediatric Dermatology Image Resource,Skin Deep,True,False,False,False,False,UNABLE_TO_DETERMINE,MAJORITY_OR_FULL_CONSENSUS,FINAL,YES,NO,,,,,,,,
DLB_00011865,skindeep_clinical_images,images/DLB_00011865.jpg,3,Avery|Hana|Sakura,RIGHT,2,MAJORITY_2_OF_3,"{""LEFT"": 1, ""RIGHT"": 2}",1,2,0,0,0,0,3,3,foot,3,"{""foot"": 3}",distinct_landmarks,3,"{""distinct_landmarks"": 3}",3,3,0,0,3,True,True,skindeep_clinical_images,DLB_00011865.jpg,skindeep_clinical_images,Skin Deep: Paediatric Dermatology Image Resource,Skin Deep,True,True,False,False,True,RIGHT,CLINICAL_EXPERT,FINAL,YES,YES,SkinDeep prior adjudication incorporated.,,,,,,,
DLB_00011866,skindeep_clinical_images,images/DLB_00011866.jpg,3,Avery|Mitchell|Sakura,BILATERAL_OR_MIDLINE,2,MAJORITY_2_OF_3,"{""BILATERAL_OR_MIDLINE"": 2, ""RIGHT"": 1}",0,1,2,0,0,0,1,3,abdomen,3,"{""abdomen"": 3}",distinct_landmarks,3,"{""distinct_landmarks"": 3}",3,3,0,0,3,False,False,skindeep_clinical_images,DLB_00011866.jpg,skindeep_clinical_images,Skin Deep: Paediatric Dermatology Image Resource,Skin Deep,True,False,False,False,False,BILATERAL_OR_MIDLINE,CLINICAL_EXPERT,FINAL,YES,NO,BILATERAL_OR_MIDLINE_ANATOMY,,,,,,,
DLB_00011867,skindeep_clinical_images,images/DLB_00011867.jpg,3,Avery|Hana|Mitchell,UNABLE_TO_DETERMINE,2,MAJORITY_2_OF_3,"{""RIGHT"": 1, ""UNABLE_TO_DETERMINE"": 2}",0,1,0,2,0,0,1,1,upper_arm,2,"{""unable_to_determine"": 1, ""upper_arm"": 2}",distinct_landmarks,1,"{""distinct_landmarks"": 1, ""limited_landmarks"": 1, ""no_landmarks"": 1}",1,2,0,0,2,False,False,skindeep_clinical_images,DLB_00011867.jpg,skindeep_clinical_images,Skin Deep: Paediatric Dermatology Image Resource,Skin Deep,True,False,False,False,False,UNABLE_TO_DETERMINE,MAJORITY_OR_FULL_CONSENSUS,FINAL,YES,NO,,,,,,,,
DLB_00011868,skindeep_clinical_images,images/DLB_00011868.jpg,3,Hana|Mitchell|Sakura,UNABLE_TO_DETERMINE,2,MAJORITY_2_OF_3,"{""RIGHT"": 1, ""UNABLE_TO_DETERMINE"": 2}",0,1,0,2,0,0,1,1,finger,3,"{""finger"": 3}",distinct_landmarks,3,"{""distinct_landmarks"": 3}",3,3,2,0,3,False,False,skindeep_clinical_images,DLB_00011868.jpg,skindeep_clinical_images,Skin Deep: Paediatric Dermatology Image Resource,Skin Deep,True,False,False,False,False,RIGHT,CLINICAL_EXPERT,FINAL,YES,YES,ANATOMIC_LANDMARK_SUPPORTS_RIGHT,,,,,,,
DLB_00011869,skindeep_clinical_images,images/DLB_00011869.jpg,3,Avery|Hana|Sakura,LEFT,3,FULL_AGREEMENT,"{""LEFT"": 3}",3,0,0,0,0,0,3,3,face,3,"{""face"": 3}",distinct_landmarks,3,"{""distinct_landmarks"": 3}",3,3,0,0,3,True,True,skindeep_clinical_images,DLB_00011869.jpg,skindeep_clinical_images,Skin Deep: Paediatric Dermatology Image Resource,Skin Deep,True,False,False,False,False,LEFT,MAJORITY_OR_FULL_CONSENSUS,FINAL,YES,YES,,,,,,,,
DLB_00011870,skindeep_clinical_images,images/DLB_00011870.jpg,3,Avery|Mitchell|Sakura,BILATERAL_OR_MIDLINE,2,MAJORITY_2_OF_3,"{""BILATERAL_OR_MIDLINE"": 2, ""UNABLE_TO_DETERMINE"": 1}",0,0,2,1,0,0,0,3,multiple,3,"{""multiple"": 3}",distinct_landmarks,3,"{""distinct_landmarks"": 3}",3,3,0,0,3,False,False,skindeep_clinical_images,DLB_00011870.jpg,skindeep_clinical_images,Skin Deep: Paediatric Dermatology Image Resource,Skin Deep,True,False,False,True,False,BILATERAL_OR_MIDLINE,AUTO_RULE_NONLR_ONLY_TO_BILATERAL_MIDLINE,FINAL,YES,NO,AUTO_RULE_ONLY_UTD_OR_BILATERAL_LABELS,,,,,,,
DLB_00011871,skindeep_clinical_images,images/DLB_00011871.jpg,3,Avery|Hana|Mitchell,RIGHT,2,MAJORITY_2_OF_3,"{""RIGHT"": 2, ""UNABLE_TO_DETERMINE"": 1}",0,2,0,1,0,0,2,2,other,2,"{""face"": 1, ""other"": 2}",distinct_landmarks,3,"{""distinct_landmarks"": 3}",3,3,0,0,3,True,True,skindeep_clinical_images,DLB_00011871.jpg,skindeep_clinical_images,Skin Deep: Paediatric Dermatology Image Resource,Skin Deep,True,False,False,False,False,RIGHT,MAJORITY_OR_FULL_CONSENSUS,FINAL,YES,YES,,,,,,,,
DLB_00011872,skindeep_clinical_images,images/DLB_00011872.jpg,3,Hana|Mitchell|Sakura,RIGHT,3,FULL_AGREEMENT,"{""RIGHT"": 3}",0,3,0,0,0,0,3,3,face,2,"{""face"": 2, ""other"": 1}",distinct_landmarks,3,"{""distinct_landmarks"": 3}",3,3,0,0,3,True,True,skindeep_clinical_images,DLB_00011872.jpg,skindeep_clinical_images,Skin Deep: Paediatric Dermatology Image Resource,Skin Deep,True,False,False,False,False,RIGHT,MAJORITY_OR_FULL_CONSENSUS,FINAL,YES,YES,,,,,,,,
DLB_00011873,skindeep_clinical_images,images/DLB_00011873.jpg,3,Avery|Hana|Sakura,RIGHT,3,FULL_AGREEMENT,"{""RIGHT"": 3}",0,3,0,0,0,0,3,3,face,2,"{""face"": 2, ""other"": 1}",distinct_landmarks,3,"{""distinct_landmarks"": 3}",3,3,0,0,3,True,True,skindeep_clinical_images,DLB_00011873.jpg,skindeep_clinical_images,Skin Deep: Paediatric Dermatology Image Resource,Skin Deep,True,False,False,False,False,BILATERAL_OR_MIDLINE,CLINICAL_EXPERT,FINAL,YES,NO,BILATERAL_OR_MIDLINE_ANATOMY,,,,,,,
DLB_00011874,skindeep_clinical_images,images/DLB_00011874.jpg,3,Avery|Mitchell|Sakura,LEFT,3,FULL_AGREEMENT,"{""LEFT"": 3}",3,0,0,0,0,0,3,3,finger,2,"{""finger"": 2, ""other"": 1}",distinct_landmarks,3,"{""distinct_landmarks"": 3}",3,3,3,0,3,True,False,skindeep_clinical_images,DLB_00011874.jpg,skindeep_clinical_images,Skin Deep: Paediatric Dermatology Image Resource,Skin Deep,True,False,False,False,False,LEFT,MAJORITY_OR_FULL_CONSENSUS,FINAL,YES,YES,,,,,,,,
DLB_00011875,skindeep_clinical_images,images/DLB_00011875.jpg,3,Avery|Hana|Mitchell,BILATERAL_OR_MIDLINE,3,FULL_AGREEMENT,"{""BILATERAL_OR_MIDLINE"": 3}",0,0,3,0,0,0,0,3,face,2,"{""face"": 2, ""multiple"": 1}",distinct_landmarks,3,"{""distinct_landmarks"": 3}",3,3,2,0,3,False,False,skindeep_clinical_images,DLB_00011875.jpg,skindeep_clinical_images,Skin Deep: Paediatric Dermatology Image Resource,Skin Deep,True,False,False,False,False,BILATERAL_OR_MIDLINE,MAJORITY_OR_FULL_CONSENSUS,FINAL,YES,NO,,,,,,,,
DLB_00011876,skindeep_clinical_images,images/DLB_00011876.jpg,3,Hana|Mitchell|Sakura,BILATERAL_OR_MIDLINE,3,FULL_AGREEMENT,"{""BILATERAL_OR_MIDLINE"": 3}",0,0,3,0,0,0,0,3,other,2,"{""multiple"": 1, ""other"": 2}",distinct_landmarks,3,"{""distinct_landmarks"": 3}",3,3,0,0,3,False,False,skindeep_clinical_images,DLB_00011876.jpg,skindeep_clinical_images,Skin Deep: Paediatric Dermatology Image Resource,Skin Deep,True,False,False,False,False,BILATERAL_OR_MIDLINE,MAJORITY_OR_FULL_CONSENSUS,FINAL,YES,NO,,,,,,,,
DLB_00011877,skindeep_clinical_images,images/DLB_00011877.jpg,3,Avery|Hana|Sakura,BILATERAL_OR_MIDLINE,3,FULL_AGREEMENT,"{""BILATERAL_OR_MIDLINE"": 3}",0,0,3,0,0,0,0,3,abdomen,2,"{""abdomen"": 2, ""other"": 1}",distinct_landmarks,3,"{""distinct_landmarks"": 3}",3,3,0,0,3,False,False,skindeep_clinical_images,DLB_00011877.jpg,skindeep_clinical_images,Skin Deep: Paediatric Dermatology Image Resource,Skin Deep,True,False,False,False,False,BILATERAL_OR_MIDLINE,MAJORITY_OR_FULL_CONSENSUS,FINAL,YES,NO,,,,,,,,
DLB_00011878,skindeep_clinical_images,images/DLB_00011878.jpg,3,Avery|Mitchell|Sakura,RIGHT,3,FULL_AGREEMENT,"{""RIGHT"": 3}",0,3,0,0,0,0,3,3,multiple,1,"{""ankle"": 1, ""lower_leg"": 1, ""multiple"": 1}",distinct_landmarks,3,"{""distinct_landmarks"": 3}",3,3,2,0,3,True,False,skindeep_clinical_images,DLB_00011878.jpg,skindeep_clinical_images,Skin Deep: Paediatric Dermatology Image Resource,Skin Deep,True,False,False,False,False,RIGHT,MAJORITY_OR_FULL_CONSENSUS,FINAL,YES,YES,,,,,,,,
DLB_00011879,skindeep_clinical_images,images/DLB_00011879.jpg,3,Avery|Hana|Mitchell,LEFT,3,FULL_AGREEMENT,"{""LEFT"": 3}",3,0,0,0,0,0,3,3,other,2,"{""face"": 1, ""other"": 2}",distinct_landmarks,3,"{""distinct_landmarks"": 3}",3,3,0,0,3,True,True,skindeep_clinical_images,DLB_00011879.jpg,skindeep_clinical_images,Skin Deep: Paediatric Dermatology Image Resource,Skin Deep,True,False,False,False,False,LEFT,MAJORITY_OR_FULL_CONSENSUS,FINAL,YES,YES,,,,,,,,
DLB_00011880,skindeep_clinical_images,images/DLB_00011880.jpg,3,Hana|Mitchell|Sakura,UNABLE_TO_DETERMINE,3,FULL_AGREEMENT,"{""UNABLE_TO_DETERMINE"": 3}",0,0,0,3,0,0,0,0,unable_to_determine,3,"{""unable_to_determine"": 3}",no_landmarks,3,"{""no_landmarks"": 3}",0,0,0,0,2,False,False,skindeep_clinical_images,DLB_00011880.jpg,skindeep_clinical_images,Skin Deep: Paediatric Dermatology Image Resource,Skin Deep,True,False,False,False,False,UNABLE_TO_DETERMINE,MAJORITY_OR_FULL_CONSENSUS,FINAL,YES,NO,,,,,,,,
DLB_00011881,skindeep_clinical_images,images/DLB_00011881.jpg,3,Avery|Hana|Sakura,BILATERAL_OR_MIDLINE,3,FULL_AGREEMENT,"{""BILATERAL_OR_MIDLINE"": 3}",0,0,3,0,0,0,0,3,abdomen,2,"{""abdomen"": 2, ""other"": 1}",distinct_landmarks,3,"{""distinct_landmarks"": 3}",3,3,0,0,3,False,False,skindeep_clinical_images,DLB_00011881.jpg,skindeep_clinical_images,Skin Deep: Paediatric Dermatology Image Resource,Skin Deep,True,False,False,False,False,BILATERAL_OR_MIDLINE,MAJORITY_OR_FULL_CONSENSUS,FINAL,YES,NO,,,,,,,,
DLB_00011882,skindeep_clinical_images,images/DLB_00011882.jpg,3,Avery|Mitchell|Sakura,RIGHT,3,FULL_AGREEMENT,"{""RIGHT"": 3}",0,3,0,0,0,0,3,3,forearm,3,"{""forearm"": 3}",distinct_landmarks,3,"{""distinct_landmarks"": 3}",3,3,1,0,3,True,False,skindeep_clinical_images,DLB_00011882.jpg,skindeep_clinical_images,Skin Deep: Paediatric Dermatology Image Resource,Skin Deep,True,False,False,False,False,RIGHT,MAJORITY_OR_FULL_CONSENSUS,FINAL,YES,YES,,,,,,,,
DLB_00011883,skindeep_clinical_images,images/DLB_00011883.jpg,3,Avery|Hana|Mitchell,LEFT,3,FULL_AGREEMENT,"{""LEFT"": 3}",3,0,0,0,0,0,3,3,abdomen,3,"{""abdomen"": 3}",distinct_landmarks,3,"{""distinct_landmarks"": 3}",3,3,0,0,3,True,True,skindeep_clinical_images,DLB_00011883.jpg,skindeep_clinical_images,Skin Deep: Paediatric Dermatology Image Resource,Skin Deep,True,False,False,False,False,LEFT,MAJORITY_OR_FULL_CONSENSUS,FINAL,YES,YES,,,,,,,,
DLB_00011884,skindeep_clinical_images,images/DLB_00011884.jpg,3,Hana|Mitchell|Sakura,UNABLE_TO_DETERMINE,2,MAJORITY_2_OF_3,"{""BILATERAL_OR_MIDLINE"": 1, ""UNABLE_TO_DETERMINE"": 2}",0,0,1,2,0,0,0,3,thigh,3,"{""thigh"": 3}",distinct_landmarks,3,"{""distinct_landmarks"": 3}",3,3,3,0,3,False,False,skindeep_clinical_images,DLB_00011884.jpg,skindeep_clinical_images,Skin Deep: Paediatric Dermatology Image Resource,Skin Deep,True,False,False,True,False,BILATERAL_OR_MIDLINE,CLINICAL_EXPERT,FINAL,YES,NO,BILATERAL_OR_MIDLINE_ANATOMY,,,,,,,
DLB_00011885,skindeep_clinical_images,images/DLB_00011885.jpg,3,Avery|Hana|Sakura,LEFT,3,FULL_AGREEMENT,"{""LEFT"": 3}",3,0,0,0,0,0,3,3,face,2,"{""face"": 2, ""other"": 1}",distinct_landmarks,3,"{""distinct_landmarks"": 3}",3,3,0,0,3,True,True,skindeep_clinical_images,DLB_00011885.jpg,skindeep_clinical_images,Skin Deep: Paediatric Dermatology Image Resource,Skin Deep,True,False,False,False,False,LEFT,MAJORITY_OR_FULL_CONSENSUS,FINAL,YES,YES,,,,,,,,
DLB_00011886,skindeep_clinical_images,images/DLB_00011886.jpg,3,Avery|Mitchell|Sakura,LEFT,3,FULL_AGREEMENT,"{""LEFT"": 3}",3,0,0,0,0,0,3,3,multiple,1,"{""ankle"": 1, ""lower_leg"": 1, ""multiple"": 1}",distinct_landmarks,3,"{""distinct_landmarks"": 3}",3,3,1,0,3,True,False,skindeep_clinical_images,DLB_00011886.jpg,skindeep_clinical_images,Skin Deep: Paediatric Dermatology Image Resource,Skin Deep,True,False,False,False,False,LEFT,MAJORITY_OR_FULL_CONSENSUS,FINAL,YES,YES,,,,,,,,
DLB_00011887,skindeep_clinical_images,images/DLB_00011887.jpg,3,Avery|Hana|Mitchell,RIGHT,3,FULL_AGREEMENT,"{""RIGHT"": 3}",0,3,0,0,0,0,3,3,other,2,"{""face"": 1, ""other"": 2}",distinct_landmarks,3,"{""distinct_landmarks"": 3}",3,3,1,0,3,True,False,skindeep_clinical_images,DLB_00011887.jpg,skindeep_clinical_images,Skin Deep: Paediatric Dermatology Image Resource,Skin Deep,True,False,False,False,False,RIGHT,MAJORITY_OR_FULL_CONSENSUS,FINAL,YES,YES,,,,,,,,
DLB_00011888,skindeep_clinical_images,images/DLB_00011888.jpg,3,Hana|Mitchell|Sakura,RIGHT,3,FULL_AGREEMENT,"{""RIGHT"": 3}",0,3,0,0,0,0,3,3,upper_arm,2,"{""multiple"": 1, ""upper_arm"": 2}",distinct_landmarks,3,"{""distinct_landmarks"": 3}",3,3,2,0,3,True,False,skindeep_clinical_images,DLB_00011888.jpg,skindeep_clinical_images,Skin Deep: Paediatric Dermatology Image Resource,Skin Deep,True,False,False,False,False,RIGHT,MAJORITY_OR_FULL_CONSENSUS,FINAL,YES,YES,,,,,,,,
DLB_00011889,skindeep_clinical_images,images/DLB_00011889.jpg,3,Avery|Hana|Sakura,UNABLE_TO_DETERMINE,2,MAJORITY_2_OF_3,"{""RIGHT"": 1, ""UNABLE_TO_DETERMINE"": 2}",0,1,0,2,0,0,1,1,scalp,3,"{""scalp"": 3}",distinct_landmarks,3,"{""distinct_landmarks"": 3}",3,3,1,0,3,False,False,skindeep_clinical_images,DLB_00011889.jpg,skindeep_clinical_images,Skin Deep: Paediatric Dermatology Image Resource,Skin Deep,True,False,False,False,False,RIGHT,CLINICAL_EXPERT,FINAL,YES,YES,ANATOMIC_LANDMARK_SUPPORTS_RIGHT,,,,,,,
DLB_00011890,skindeep_clinical_images,images/DLB_00011890.jpg,3,Avery|Mitchell|Sakura,BILATERAL_OR_MIDLINE,3,FULL_AGREEMENT,"{""BILATERAL_OR_MIDLINE"": 3}",0,0,3,0,0,0,0,3,abdomen,3,"{""abdomen"": 3}",distinct_landmarks,3,"{""distinct_landmarks"": 3}",3,3,0,0,3,False,False,skindeep_clinical_images,DLB_00011890.jpg,skindeep_clinical_images,Skin Deep: Paediatric Dermatology Image Resource,Skin Deep,True,False,False,False,False,BILATERAL_OR_MIDLINE,MAJORITY_OR_FULL_CONSENSUS,FINAL,YES,NO,,,,,,,,
DLB_00011891,skindeep_clinical_images,images/DLB_00011891.jpg,3,Avery|Hana|Mitchell,BILATERAL_OR_MIDLINE,2,MAJORITY_2_OF_3,"{""BILATERAL_OR_MIDLINE"": 2, ""RIGHT"": 1}",0,1,2,0,0,0,1,2,face,2,"{""face"": 2, ""other"": 1}",distinct_landmarks,3,"{""distinct_landmarks"": 3}",3,3,0,0,3,False,False,skindeep_clinical_images,DLB_00011891.jpg,skindeep_clinical_images,Skin Deep: Paediatric Dermatology Image Resource,Skin Deep,True,False,False,False,False,BILATERAL_OR_MIDLINE,MAJORITY_OR_FULL_CONSENSUS,FINAL,YES,NO,,,,,,,,
DLB_00011892,skindeep_clinical_images,images/DLB_00011892.jpg,3,Hana|Mitchell|Sakura,BILATERAL_OR_MIDLINE,2,MAJORITY_2_OF_3,"{""BILATERAL_OR_MIDLINE"": 2, ""UNABLE_TO_DETERMINE"": 1}",0,0,2,1,0,0,0,2,abdomen,3,"{""abdomen"": 3}",distinct_landmarks,2,"{""distinct_landmarks"": 2, ""limited_landmarks"": 1}",2,3,0,0,2,False,False,skindeep_clinical_images,DLB_00011892.jpg,skindeep_clinical_images,Skin Deep: Paediatric Dermatology Image Resource,Skin Deep,True,False,False,True,False,BILATERAL_OR_MIDLINE,CLINICAL_EXPERT,FINAL,YES,NO,SkinDeep prior adjudication incorporated.,,,,,,,
DLB_00011893,skindeep_clinical_images,images/DLB_00011893.jpg,3,Avery|Hana|Sakura,LEFT,3,FULL_AGREEMENT,"{""LEFT"": 3}",3,0,0,0,0,0,3,3,lower_leg,3,"{""lower_leg"": 3}",distinct_landmarks,3,"{""distinct_landmarks"": 3}",3,3,0,0,3,True,True,skindeep_clinical_images,DLB_00011893.jpg,skindeep_clinical_images,Skin Deep: Paediatric Dermatology Image Resource,Skin Deep,True,False,False,False,False,LEFT,MAJORITY_OR_FULL_CONSENSUS,FINAL,YES,YES,,,,,,,,
DLB_00011894,skindeep_clinical_images,images/DLB_00011894.jpg,3,Avery|Mitchell|Sakura,LEFT,3,FULL_AGREEMENT,"{""LEFT"": 3}",3,0,0,0,0,0,3,3,foot,3,"{""foot"": 3}",distinct_landmarks,3,"{""distinct_landmarks"": 3}",3,3,1,0,3,True,False,skindeep_clinical_images,DLB_00011894.jpg,skindeep_clinical_images,Skin Deep: Paediatric Dermatology Image Resource,Skin Deep,True,False,False,False,False,LEFT,MAJORITY_OR_FULL_CONSENSUS,FINAL,YES,YES,,,,,,,,
DLB_00011895,skindeep_clinical_images,images/DLB_00011895.jpg,3,Avery|Hana|Mitchell,BILATERAL_OR_MIDLINE,3,FULL_AGREEMENT,"{""BILATERAL_OR_MIDLINE"": 3}",0,0,3,0,0,0,0,3,back,3,"{""back"": 3}",distinct_landmarks,3,"{""distinct_landmarks"": 3}",3,3,0,0,3,False,False,skindeep_clinical_images,DLB_00011895.jpg,skindeep_clinical_images,Skin Deep: Paediatric Dermatology Image Resource,Skin Deep,True,False,False,False,False,BILATERAL_OR_MIDLINE,MAJORITY_OR_FULL_CONSENSUS,FINAL,YES,NO,,,,,,,,
DLB_00011896,skindeep_clinical_images,images/DLB_00011896.jpg,3,Hana|Mitchell|Sakura,UNABLE_TO_DETERMINE,3,FULL_AGREEMENT,"{""UNABLE_TO_DETERMINE"": 3}",0,0,0,3,0,0,0,0,scalp,3,"{""scalp"": 3}",distinct_landmarks,2,"{""distinct_landmarks"": 2, ""limited_landmarks"": 1}",2,3,0,0,2,False,False,skindeep_clinical_images,DLB_00011896.jpg,skindeep_clinical_images,Skin Deep: Paediatric Dermatology Image Resource,Skin Deep,True,False,False,False,False,UNABLE_TO_DETERMINE,MAJORITY_OR_FULL_CONSENSUS,FINAL,YES,NO,,,,,,,,
DLB_00011897,skindeep_clinical_images,images/DLB_00011897.jpg,3,Avery|Hana|Sakura,BILATERAL_OR_MIDLINE,2,MAJORITY_2_OF_3,"{""BILATERAL_OR_MIDLINE"": 2, ""UNABLE_TO_DETERMINE"": 1}",0,0,2,1,0,0,0,3,abdomen,2,"{""abdomen"": 2, ""multiple"": 1}",distinct_landmarks,3,"{""distinct_landmarks"": 3}",3,3,0,0,3,False,False,skindeep_clinical_images,DLB_00011897.jpg,skindeep_clinical_images,Skin Deep: Paediatric Dermatology Image Resource,Skin Deep,True,False,False,True,False,BILATERAL_OR_MIDLINE,AUTO_RULE_NONLR_ONLY_TO_BILATERAL_MIDLINE,FINAL,YES,NO,AUTO_RULE_ONLY_UTD_OR_BILATERAL_LABELS,,,,,,,
DLB_00011898,skindeep_clinical_images,images/DLB_00011898.jpg,3,Avery|Mitchell|Sakura,BILATERAL_OR_MIDLINE,2,MAJORITY_2_OF_3,"{""BILATERAL_OR_MIDLINE"": 2, ""UNABLE_TO_DETERMINE"": 1}",0,0,2,1,0,0,0,3,multiple,2,"{""abdomen"": 1, ""multiple"": 2}",distinct_landmarks,3,"{""distinct_landmarks"": 3}",3,3,1,0,3,False,False,skindeep_clinical_images,DLB_00011898.jpg,skindeep_clinical_images,Skin Deep: Paediatric Dermatology Image Resource,Skin Deep,True,False,False,True,False,BILATERAL_OR_MIDLINE,AUTO_RULE_NONLR_ONLY_TO_BILATERAL_MIDLINE,FINAL,YES,NO,AUTO_RULE_ONLY_UTD_OR_BILATERAL_LABELS,,,,,,,
DLB_00011899,skindeep_clinical_images,images/DLB_00011899.jpg,3,Avery|Hana|Mitchell,BILATERAL_OR_MIDLINE,2,MAJORITY_2_OF_3,"{""BILATERAL_OR_MIDLINE"": 2, ""UNABLE_TO_DETERMINE"": 1}",0,0,2,1,0,0,0,3,back,3,"{""back"": 3}",distinct_landmarks,3,"{""distinct_landmarks"": 3}",3,3,0,0,3,False,False,skindeep_clinical_images,DLB_00011899.jpg,skindeep_clinical_images,Skin Deep: Paediatric Dermatology Image Resource,Skin Deep,True,False,False,True,False,BILATERAL_OR_MIDLINE,AUTO_RULE_NONLR_ONLY_TO_BILATERAL_MIDLINE,FINAL,YES,NO,AUTO_RULE_ONLY_UTD_OR_BILATERAL_LABELS,,,,,,,
DLB_00011900,skindeep_clinical_images,images/DLB_00011900.jpg,3,Hana|Mitchell|Sakura,RIGHT,3,FULL_AGREEMENT,"{""RIGHT"": 3}",0,3,0,0,0,0,3,3,face,3,"{""face"": 3}",distinct_landmarks,3,"{""distinct_landmarks"": 3}",3,3,0,0,3,True,True,skindeep_clinical_images,DLB_00011900.jpg,skindeep_clinical_images,Skin Deep: Paediatric Dermatology Image Resource,Skin Deep,True,False,False,False,False,RIGHT,MAJORITY_OR_FULL_CONSENSUS,FINAL,YES,YES,,,,,,,,
DLB_00011901,skindeep_clinical_images,images/DLB_00011901.jpg,3,Avery|Hana|Sakura,LEFT,3,FULL_AGREEMENT,"{""LEFT"": 3}",3,0,0,0,0,0,3,3,finger,3,"{""finger"": 3}",distinct_landmarks,3,"{""distinct_landmarks"": 3}",3,3,3,0,3,True,False,skindeep_clinical_images,DLB_00011901.jpg,skindeep_clinical_images,Skin Deep: Paediatric Dermatology Image Resource,Skin Deep,True,False,False,False,False,LEFT,MAJORITY_OR_FULL_CONSENSUS,FINAL,YES,YES,,,,,,,,
DLB_00011902,skindeep_clinical_images,images/DLB_00011902.jpg,3,Avery|Mitchell|Sakura,BILATERAL_OR_MIDLINE,2,MAJORITY_2_OF_3,"{""BILATERAL_OR_MIDLINE"": 2, ""UNABLE_TO_DETERMINE"": 1}",0,0,2,1,0,0,0,2,scalp,3,"{""scalp"": 3}",distinct_landmarks,3,"{""distinct_landmarks"": 3}",3,3,0,0,3,False,False,skindeep_clinical_images,DLB_00011902.jpg,skindeep_clinical_images,Skin Deep: Paediatric Dermatology Image Resource,Skin Deep,True,False,False,True,False,BILATERAL_OR_MIDLINE,AUTO_RULE_NONLR_ONLY_TO_BILATERAL_MIDLINE,FINAL,YES,NO,AUTO_RULE_ONLY_UTD_OR_BILATERAL_LABELS,,,,,,,
DLB_00011903,skindeep_clinical_images,images/DLB_00011903.jpg,3,Avery|Hana|Mitchell,LEFT,3,FULL_AGREEMENT,"{""LEFT"": 3}",3,0,0,0,0,0,3,3,face,2,"{""face"": 2, ""other"": 1}",distinct_landmarks,3,"{""distinct_landmarks"": 3}",3,3,0,0,3,True,True,skindeep_clinical_images,DLB_00011903.jpg,skindeep_clinical_images,Skin Deep: Paediatric Dermatology Image Resource,Skin Deep,True,False,False,False,False,LEFT,MAJORITY_OR_FULL_CONSENSUS,FINAL,YES,YES,,,,,,,,
DLB_00011904,skindeep_clinical_images,images/DLB_00011904.jpg,3,Hana|Mitchell|Sakura,BILATERAL_OR_MIDLINE,3,FULL_AGREEMENT,"{""BILATERAL_OR_MIDLINE"": 3}",0,0,3,0,0,0,0,3,abdomen,3,"{""abdomen"": 3}",distinct_landmarks,3,"{""distinct_landmarks"": 3}",3,3,1,0,3,False,False,skindeep_clinical_images,DLB_00011904.jpg,skindeep_clinical_images,Skin Deep: Paediatric Dermatology Image Resource,Skin Deep,True,False,False,False,False,BILATERAL_OR_MIDLINE,MAJORITY_OR_FULL_CONSENSUS,FINAL,YES,NO,,,,,,,,
DLB_00011905,skindeep_clinical_images,images/DLB_00011905.jpg,3,Avery|Hana|Sakura,RIGHT,2,MAJORITY_2_OF_3,"{""BILATERAL_OR_MIDLINE"": 1, ""RIGHT"": 2}",0,2,1,0,0,0,2,3,face,3,"{""face"": 3}",distinct_landmarks,3,"{""distinct_landmarks"": 3}",3,3,0,0,3,True,True,skindeep_clinical_images,DLB_00011905.jpg,skindeep_clinical_images,Skin Deep: Paediatric Dermatology Image Resource,Skin Deep,True,False,False,False,False,BILATERAL_OR_MIDLINE,CLINICAL_EXPERT,FINAL,YES,NO,BILATERAL_OR_MIDLINE_ANATOMY,,,,,,,
DLB_00011906,skindeep_clinical_images,images/DLB_00011906.jpg,3,Avery|Mitchell|Sakura,BILATERAL_OR_MIDLINE,3,FULL_AGREEMENT,"{""BILATERAL_OR_MIDLINE"": 3}",0,0,3,0,0,0,0,3,face,3,"{""face"": 3}",distinct_landmarks,3,"{""distinct_landmarks"": 3}",3,3,0,0,3,False,False,skindeep_clinical_images,DLB_00011906.jpg,skindeep_clinical_images,Skin Deep: Paediatric Dermatology Image Resource,Skin Deep,True,False,False,False,False,BILATERAL_OR_MIDLINE,MAJORITY_OR_FULL_CONSENSUS,FINAL,YES,NO,,,,,,,,
DLB_00011907,skindeep_clinical_images,images/DLB_00011907.jpg,3,Avery|Hana|Mitchell,BILATERAL_OR_MIDLINE,3,FULL_AGREEMENT,"{""BILATERAL_OR_MIDLINE"": 3}",0,0,3,0,0,0,0,3,abdomen,2,"{""abdomen"": 2, ""other"": 1}",distinct_landmarks,3,"{""distinct_landmarks"": 3}",3,3,0,0,3,False,False,skindeep_clinical_images,DLB_00011907.jpg,skindeep_clinical_images,Skin Deep: Paediatric Dermatology Image Resource,Skin Deep,True,False,False,False,False,BILATERAL_OR_MIDLINE,MAJORITY_OR_FULL_CONSENSUS,FINAL,YES,NO,,,,,,,,
DLB_00011908,skindeep_clinical_images,images/DLB_00011908.jpg,3,Hana|Mitchell|Sakura,BILATERAL_OR_MIDLINE,3,FULL_AGREEMENT,"{""BILATERAL_OR_MIDLINE"": 3}",0,0,3,0,0,0,0,3,neck,2,"{""back"": 1, ""neck"": 2}",distinct_landmarks,3,"{""distinct_landmarks"": 3}",3,3,0,0,3,False,False,skindeep_clinical_images,DLB_00011908.jpg,skindeep_clinical_images,Skin Deep: Paediatric Dermatology Image Resource,Skin Deep,True,False,False,False,False,BILATERAL_OR_MIDLINE,MAJORITY_OR_FULL_CONSENSUS,FINAL,YES,NO,,,,,,,,
DLB_00011909,skindeep_clinical_images,images/DLB_00011909.jpg,3,Avery|Hana|Sakura,LEFT,2,MAJORITY_2_OF_3,"{""BILATERAL_OR_MIDLINE"": 1, ""LEFT"": 2}",2,0,1,0,0,0,2,3,face,2,"{""face"": 2, ""other"": 1}",distinct_landmarks,3,"{""distinct_landmarks"": 3}",3,3,0,0,2,True,True,skindeep_clinical_images,DLB_00011909.jpg,skindeep_clinical_images,Skin Deep: Paediatric Dermatology Image Resource,Skin Deep,True,False,False,False,False,LEFT,MAJORITY_OR_FULL_CONSENSUS,FINAL,YES,YES,,,,,,,,
DLB_00011910,skindeep_clinical_images,images/DLB_00011910.jpg,3,Avery|Mitchell|Sakura,LEFT,2,MAJORITY_2_OF_3,"{""LEFT"": 2, ""UNABLE_TO_DETERMINE"": 1}",2,0,0,1,0,0,2,1,upper_arm,2,"{""unable_to_determine"": 1, ""upper_arm"": 2}",distinct_landmarks,1,"{""distinct_landmarks"": 1, ""limited_landmarks"": 1, ""no_landmarks"": 1}",1,2,0,0,2,False,False,skindeep_clinical_images,DLB_00011910.jpg,skindeep_clinical_images,Skin Deep: Paediatric Dermatology Image Resource,Skin Deep,True,False,False,False,False,LEFT,CLINICAL_EXPERT,FINAL,YES,YES,SkinDeep prior adjudication incorporated.,,,,,,,
DLB_00011911,skindeep_clinical_images,images/DLB_00011911.jpg,3,Avery|Hana|Mitchell,RIGHT,3,FULL_AGREEMENT,"{""RIGHT"": 3}",0,3,0,0,0,0,3,3,face,2,"{""face"": 2, ""multiple"": 1}",distinct_landmarks,3,"{""distinct_landmarks"": 3}",3,3,0,0,3,True,True,skindeep_clinical_images,DLB_00011911.jpg,skindeep_clinical_images,Skin Deep: Paediatric Dermatology Image Resource,Skin Deep,True,False,False,False,False,RIGHT,MAJORITY_OR_FULL_CONSENSUS,FINAL,YES,YES,,,,,,,,
DLB_00011912,skindeep_clinical_images,images/DLB_00011912.jpg,3,Hana|Mitchell|Sakura,NO_MAJORITY,1,THREE_WAY_DISAGREEMENT,"{""BILATERAL_OR_MIDLINE"": 1, ""LEFT"": 1, ""UNABLE_TO_DETERMINE"": 1}",1,0,1,1,0,0,1,3,scalp,2,"{""multiple"": 1, ""scalp"": 2}",distinct_landmarks,3,"{""distinct_landmarks"": 3}",3,3,1,0,3,False,False,skindeep_clinical_images,DLB_00011912.jpg,skindeep_clinical_images,Skin Deep: Paediatric Dermatology Image Resource,Skin Deep,True,False,True,False,True,LEFT,CLINICAL_EXPERT,FINAL,YES,YES,SkinDeep prior adjudication incorporated.,,,,,,,
DLB_00011913,skindeep_clinical_images,images/DLB_00011913.jpg,3,Avery|Hana|Sakura,UNABLE_TO_DETERMINE,2,MAJORITY_2_OF_3,"{""BILATERAL_OR_MIDLINE"": 1, ""UNABLE_TO_DETERMINE"": 2}",0,0,1,2,0,0,0,3,chest,2,"{""chest"": 2, ""multiple"": 1}",distinct_landmarks,3,"{""distinct_landmarks"": 3}",3,3,0,0,3,False,False,skindeep_clinical_images,DLB_00011913.jpg,skindeep_clinical_images,Skin Deep: Paediatric Dermatology Image Resource,Skin Deep,True,False,False,True,False,BILATERAL_OR_MIDLINE,CLINICAL_EXPERT,FINAL,YES,NO,SkinDeep prior adjudication incorporated.,,,,,,,
DLB_00011914,skindeep_clinical_images,images/DLB_00011914.jpg,3,Avery|Mitchell|Sakura,LEFT,3,FULL_AGREEMENT,"{""LEFT"": 3}",3,0,0,0,0,0,3,3,hand,2,"{""hand"": 2, ""multiple"": 1}",distinct_landmarks,3,"{""distinct_landmarks"": 3}",3,3,2,0,3,True,False,skindeep_clinical_images,DLB_00011914.jpg,skindeep_clinical_images,Skin Deep: Paediatric Dermatology Image Resource,Skin Deep,True,False,False,False,False,LEFT,MAJORITY_OR_FULL_CONSENSUS,FINAL,YES,YES,,,,,,,,
DLB_00011915,skindeep_clinical_images,images/DLB_00011915.jpg,3,Avery|Hana|Mitchell,RIGHT,3,FULL_AGREEMENT,"{""RIGHT"": 3}",0,3,0,0,0,0,3,3,finger,2,"{""finger"": 2, ""hand"": 1}",distinct_landmarks,3,"{""distinct_landmarks"": 3}",3,3,3,0,3,True,False,skindeep_clinical_images,DLB_00011915.jpg,skindeep_clinical_images,Skin Deep: Paediatric Dermatology Image Resource,Skin Deep,True,False,False,False,False,RIGHT,MAJORITY_OR_FULL_CONSENSUS,FINAL,YES,YES,,,,,,,,
DLB_00011916,skindeep_clinical_images,images/DLB_00011916.jpg,3,Hana|Mitchell|Sakura,BILATERAL_OR_MIDLINE,3,FULL_AGREEMENT,"{""BILATERAL_OR_MIDLINE"": 3}",0,0,3,0,0,0,0,3,neck,3,"{""neck"": 3}",distinct_landmarks,3,"{""distinct_landmarks"": 3}",3,3,3,0,3,False,False,skindeep_clinical_images,DLB_00011916.jpg,skindeep_clinical_images,Skin Deep: Paediatric Dermatology Image Resource,Skin Deep,True,False,False,False,False,BILATERAL_OR_MIDLINE,MAJORITY_OR_FULL_CONSENSUS,FINAL,YES,NO,,,,,,,,
DLB_00011917,skindeep_clinical_images,images/DLB_00011917.jpg,3,Avery|Hana|Sakura,RIGHT,3,FULL_AGREEMENT,"{""RIGHT"": 3}",0,3,0,0,0,0,3,3,face,2,"{""face"": 2, ""other"": 1}",distinct_landmarks,3,"{""distinct_landmarks"": 3}",3,3,0,0,3,True,True,skindeep_clinical_images,DLB_00011917.jpg,skindeep_clinical_images,Skin Deep: Paediatric Dermatology Image Resource,Skin Deep,True,False,False,False,False,RIGHT,MAJORITY_OR_FULL_CONSENSUS,FINAL,YES,YES,,,,,,,,
DLB_00011918,skindeep_clinical_images,images/DLB_00011918.jpg,3,Avery|Mitchell|Sakura,LEFT,2,MAJORITY_2_OF_3,"{""BILATERAL_OR_MIDLINE"": 1, ""LEFT"": 2}",2,0,1,0,0,0,2,3,chest,2,"{""abdomen"": 1, ""chest"": 2}",distinct_landmarks,3,"{""distinct_landmarks"": 3}",3,3,0,0,3,True,True,skindeep_clinical_images,DLB_00011918.jpg,skindeep_clinical_images,Skin Deep: Paediatric Dermatology Image Resource,Skin Deep,True,False,False,False,False,LEFT,MAJORITY_OR_FULL_CONSENSUS,FINAL,YES,YES,,,,,,,,
DLB_00011919,skindeep_clinical_images,images/DLB_00011919.jpg,3,Avery|Hana|Mitchell,UNABLE_TO_DETERMINE,2,MAJORITY_2_OF_3,"{""RIGHT"": 1, ""UNABLE_TO_DETERMINE"": 2}",0,1,0,2,0,0,1,1,unable_to_determine,2,"{""thigh"": 1, ""unable_to_determine"": 2}",no_landmarks,2,"{""distinct_landmarks"": 1, ""no_landmarks"": 2}",1,1,0,0,2,False,False,skindeep_clinical_images,DLB_00011919.jpg,skindeep_clinical_images,Skin Deep: Paediatric Dermatology Image Resource,Skin Deep,True,False,False,False,False,UNABLE_TO_DETERMINE,MAJORITY_OR_FULL_CONSENSUS,FINAL,YES,NO,,,,,,,,
DLB_00011920,skindeep_clinical_images,images/DLB_00011920.jpg,3,Hana|Mitchell|Sakura,RIGHT,3,FULL_AGREEMENT,"{""RIGHT"": 3}",0,3,0,0,0,0,3,3,upper_arm,2,"{""other"": 1, ""upper_arm"": 2}",distinct_landmarks,3,"{""distinct_landmarks"": 3}",3,3,0,0,3,True,True,skindeep_clinical_images,DLB_00011920.jpg,skindeep_clinical_images,Skin Deep: Paediatric Dermatology Image Resource,Skin Deep,True,False,False,False,False,RIGHT,MAJORITY_OR_FULL_CONSENSUS,FINAL,YES,YES,,,,,,,,
DLB_00011921,skindeep_clinical_images,images/DLB_00011921.jpg,3,Avery|Hana|Sakura,LEFT,3,FULL_AGREEMENT,"{""LEFT"": 3}",3,0,0,0,0,0,3,3,multiple,3,"{""multiple"": 3}",distinct_landmarks,3,"{""distinct_landmarks"": 3}",3,3,2,0,3,True,False,skindeep_clinical_images,DLB_00011921.jpg,skindeep_clinical_images,Skin Deep: Paediatric Dermatology Image Resource,Skin Deep,True,False,False,False,False,LEFT,MAJORITY_OR_FULL_CONSENSUS,FINAL,YES,YES,,,,,,,,
DLB_00011922,skindeep_clinical_images,images/DLB_00011922.jpg,3,Avery|Mitchell|Sakura,RIGHT,3,FULL_AGREEMENT,"{""RIGHT"": 3}",0,3,0,0,0,0,3,3,other,2,"{""multiple"": 1, ""other"": 2}",distinct_landmarks,3,"{""distinct_landmarks"": 3}",3,3,0,0,3,True,True,skindeep_clinical_images,DLB_00011922.jpg,skindeep_clinical_images,Skin Deep: Paediatric Dermatology Image Resource,Skin Deep,True,False,False,False,False,RIGHT,MAJORITY_OR_FULL_CONSENSUS,FINAL,YES,YES,,,,,,,,
DLB_00011923,skindeep_clinical_images,images/DLB_00011923.jpg,3,Avery|Hana|Mitchell,BILATERAL_OR_MIDLINE,3,FULL_AGREEMENT,"{""BILATERAL_OR_MIDLINE"": 3}",0,0,3,0,0,0,0,3,scalp,3,"{""scalp"": 3}",distinct_landmarks,3,"{""distinct_landmarks"": 3}",3,3,2,0,3,False,False,skindeep_clinical_images,DLB_00011923.jpg,skindeep_clinical_images,Skin Deep: Paediatric Dermatology Image Resource,Skin Deep,True,False,False,False,False,BILATERAL_OR_MIDLINE,MAJORITY_OR_FULL_CONSENSUS,FINAL,YES,NO,,,,,,,,
DLB_00011924,skindeep_clinical_images,images/DLB_00011924.jpg,3,Hana|Mitchell|Sakura,UNABLE_TO_DETERMINE,2,MAJORITY_2_OF_3,"{""BILATERAL_OR_MIDLINE"": 1, ""UNABLE_TO_DETERMINE"": 2}",0,0,1,2,0,0,0,3,abdomen,2,"{""abdomen"": 2, ""chest"": 1}",distinct_landmarks,3,"{""distinct_landmarks"": 3}",3,3,1,0,3,False,False,skindeep_clinical_images,DLB_00011924.jpg,skindeep_clinical_images,Skin Deep: Paediatric Dermatology Image Resource,Skin Deep,True,False,False,True,False,BILATERAL_OR_MIDLINE,CLINICAL_EXPERT,FINAL,YES,NO,SkinDeep prior adjudication incorporated.,,,,,,,
DLB_00011925,skindeep_clinical_images,images/DLB_00011925.jpg,3,Avery|Hana|Sakura,NO_MAJORITY,1,THREE_WAY_DISAGREEMENT,"{""LEFT"": 1, ""RIGHT"": 1, ""UNABLE_TO_DETERMINE"": 1}",1,1,0,1,0,0,2,2,lower_leg,3,"{""lower_leg"": 3}",distinct_landmarks,2,"{""distinct_landmarks"": 2, ""limited_landmarks"": 1}",2,3,0,0,3,False,False,skindeep_clinical_images,DLB_00011925.jpg,skindeep_clinical_images,Skin Deep: Paediatric Dermatology Image Resource,Skin Deep,True,True,True,False,True,RIGHT,CLINICAL_EXPERT,FINAL,YES,YES,ANATOMIC_LANDMARK_SUPPORTS_RIGHT,,,,,,,
DLB_00011926,skindeep_clinical_images,images/DLB_00011926.jpg,3,Avery|Mitchell|Sakura,BILATERAL_OR_MIDLINE,3,FULL_AGREEMENT,"{""BILATERAL_OR_MIDLINE"": 3}",0,0,3,0,0,0,0,3,abdomen,3,"{""abdomen"": 3}",distinct_landmarks,3,"{""distinct_landmarks"": 3}",3,3,0,0,3,False,False,skindeep_clinical_images,DLB_00011926.jpg,skindeep_clinical_images,Skin Deep: Paediatric Dermatology Image Resource,Skin Deep,True,False,False,False,False,BILATERAL_OR_MIDLINE,MAJORITY_OR_FULL_CONSENSUS,FINAL,YES,NO,,,,,,,,
DLB_00011927,skindeep_clinical_images,images/DLB_00011927.jpg,3,Avery|Hana|Mitchell,RIGHT,3,FULL_AGREEMENT,"{""RIGHT"": 3}",0,3,0,0,0,0,3,3,face,2,"{""face"": 2, ""other"": 1}",distinct_landmarks,3,"{""distinct_landmarks"": 3}",3,3,0,0,3,True,True,skindeep_clinical_images,DLB_00011927.jpg,skindeep_clinical_images,Skin Deep: Paediatric Dermatology Image Resource,Skin Deep,True,False,False,False,False,RIGHT,MAJORITY_OR_FULL_CONSENSUS,FINAL,YES,YES,,,,,,,,
DLB_00011928,skindeep_clinical_images,images/DLB_00011928.jpg,3,Hana|Mitchell|Sakura,LEFT,3,FULL_AGREEMENT,"{""LEFT"": 3}",3,0,0,0,0,0,3,3,upper_arm,3,"{""upper_arm"": 3}",distinct_landmarks,3,"{""distinct_landmarks"": 3}",3,3,0,0,3,True,True,skindeep_clinical_images,DLB_00011928.jpg,skindeep_clinical_images,Skin Deep: Paediatric Dermatology Image Resource,Skin Deep,True,False,False,False,False,LEFT,MAJORITY_OR_FULL_CONSENSUS,FINAL,YES,YES,,,,,,,,
DLB_00011929,skindeep_clinical_images,images/DLB_00011929.jpg,3,Avery|Hana|Sakura,UNABLE_TO_DETERMINE,2,MAJORITY_2_OF_3,"{""LEFT"": 1, ""UNABLE_TO_DETERMINE"": 2}",1,0,0,2,0,0,1,0,forearm,2,"{""forearm"": 2, ""unable_to_determine"": 1}",distinct_landmarks,1,"{""distinct_landmarks"": 1, ""limited_landmarks"": 1, ""no_landmarks"": 1}",1,2,0,0,3,False,False,skindeep_clinical_images,DLB_00011929.jpg,skindeep_clinical_images,Skin Deep: Paediatric Dermatology Image Resource,Skin Deep,True,False,False,False,False,RIGHT,CLINICAL_EXPERT,FINAL,YES,YES,SkinDeep prior adjudication incorporated.,,,,,,,
DLB_00011930,skindeep_clinical_images,images/DLB_00011930.jpg,3,Avery|Mitchell|Sakura,UNABLE_TO_DETERMINE,2,MAJORITY_2_OF_3,"{""LEFT"": 1, ""UNABLE_TO_DETERMINE"": 2}",1,0,0,2,0,0,1,0,forearm,2,"{""forearm"": 2, ""unable_to_determine"": 1}",distinct_landmarks,1,"{""distinct_landmarks"": 1, ""limited_landmarks"": 1, ""no_landmarks"": 1}",1,2,0,0,2,False,False,skindeep_clinical_images,DLB_00011930.jpg,skindeep_clinical_images,Skin Deep: Paediatric Dermatology Image Resource,Skin Deep,True,False,False,False,False,UNABLE_TO_DETERMINE,MAJORITY_OR_FULL_CONSENSUS,FINAL,YES,NO,,,,,,,,
DLB_00011931,skindeep_clinical_images,images/DLB_00011931.jpg,3,Avery|Hana|Mitchell,RIGHT,3,FULL_AGREEMENT,"{""RIGHT"": 3}",0,3,0,0,0,0,3,3,thigh,2,"{""multiple"": 1, ""thigh"": 2}",distinct_landmarks,3,"{""distinct_landmarks"": 3}",3,3,1,0,3,True,False,skindeep_clinical_images,DLB_00011931.jpg,skindeep_clinical_images,Skin Deep: Paediatric Dermatology Image Resource,Skin Deep,True,False,False,False,False,RIGHT,MAJORITY_OR_FULL_CONSENSUS,FINAL,YES,YES,,,,,,,,
DLB_00011932,skindeep_clinical_images,images/DLB_00011932.jpg,3,Hana|Mitchell|Sakura,RIGHT,3,FULL_AGREEMENT,"{""RIGHT"": 3}",0,3,0,0,0,0,3,3,hand,3,"{""hand"": 3}",distinct_landmarks,3,"{""distinct_landmarks"": 3}",3,3,0,0,3,True,True,skindeep_clinical_images,DLB_00011932.jpg,skindeep_clinical_images,Skin Deep: Paediatric Dermatology Image Resource,Skin Deep,True,False,False,False,False,RIGHT,MAJORITY_OR_FULL_CONSENSUS,FINAL,YES,YES,,,,,,,,
DLB_00011933,skindeep_clinical_images,images/DLB_00011933.jpg,3,Avery|Hana|Sakura,LEFT,2,MAJORITY_2_OF_3,"{""LEFT"": 2, ""RIGHT"": 1}",2,1,0,0,0,0,3,3,face,2,"{""face"": 2, ""other"": 1}",distinct_landmarks,3,"{""distinct_landmarks"": 3}",3,3,0,0,3,True,True,skindeep_clinical_images,DLB_00011933.jpg,skindeep_clinical_images,Skin Deep: Paediatric Dermatology Image Resource,Skin Deep,True,True,False,False,True,LEFT,CLINICAL_EXPERT,FINAL,YES,YES,ANATOMIC_LANDMARK_SUPPORTS_LEFT,,,,,,,
DLB_00011934,skindeep_clinical_images,images/DLB_00011934.jpg,3,Avery|Mitchell|Sakura,LEFT,3,FULL_AGREEMENT,"{""LEFT"": 3}",3,0,0,0,0,0,3,3,finger,3,"{""finger"": 3}",distinct_landmarks,3,"{""distinct_landmarks"": 3}",3,3,1,0,3,True,False,skindeep_clinical_images,DLB_00011934.jpg,skindeep_clinical_images,Skin Deep: Paediatric Dermatology Image Resource,Skin Deep,True,False,False,False,False,LEFT,MANUAL_USER_CORRECTION,FINAL,YES,YES,Manual user correction: DLB_00011934 = LEFT.,,,,COMPLETE,,,
DLB_00011935,skindeep_clinical_images,images/DLB_00011935.jpg,3,Avery|Hana|Mitchell,BILATERAL_OR_MIDLINE,2,MAJORITY_2_OF_3,"{""BILATERAL_OR_MIDLINE"": 2, ""LEFT"": 1}",1,0,2,0,0,0,1,3,face,3,"{""face"": 3}",distinct_landmarks,3,"{""distinct_landmarks"": 3}",3,3,2,0,3,False,False,skindeep_clinical_images,DLB_00011935.jpg,skindeep_clinical_images,Skin Deep: Paediatric Dermatology Image Resource,Skin Deep,True,False,False,False,False,BILATERAL_OR_MIDLINE,MAJORITY_OR_FULL_CONSENSUS,FINAL,YES,NO,,,,,,,,
DLB_00011936,skindeep_clinical_images,images/DLB_00011936.jpg,3,Hana|Mitchell|Sakura,RIGHT,3,FULL_AGREEMENT,"{""RIGHT"": 3}",0,3,0,0,0,0,3,3,toe,3,"{""toe"": 3}",distinct_landmarks,3,"{""distinct_landmarks"": 3}",3,3,2,0,3,True,False,skindeep_clinical_images,DLB_00011936.jpg,skindeep_clinical_images,Skin Deep: Paediatric Dermatology Image Resource,Skin Deep,True,False,False,False,False,RIGHT,MAJORITY_OR_FULL_CONSENSUS,FINAL,YES,YES,,,,,,,,
DLB_00011937,skindeep_clinical_images,images/DLB_00011937.jpg,3,Avery|Hana|Sakura,RIGHT,2,MAJORITY_2_OF_3,"{""RIGHT"": 2, ""UNABLE_TO_DETERMINE"": 1}",0,2,0,1,0,0,2,0,thigh,2,"{""multiple"": 1, ""thigh"": 2}",distinct_landmarks,2,"{""distinct_landmarks"": 2, ""limited_landmarks"": 1}",2,3,0,0,2,False,False,skindeep_clinical_images,DLB_00011937.jpg,skindeep_clinical_images,Skin Deep: Paediatric Dermatology Image Resource,Skin Deep,True,False,False,False,False,RIGHT,CLINICAL_EXPERT,FINAL,YES,YES,SkinDeep prior adjudication incorporated.,,,,,,,
DLB_00011938,skindeep_clinical_images,images/DLB_00011938.jpg,3,Avery|Mitchell|Sakura,RIGHT,3,FULL_AGREEMENT,"{""RIGHT"": 3}",0,3,0,0,0,0,3,3,forearm,3,"{""forearm"": 3}",distinct_landmarks,3,"{""distinct_landmarks"": 3}",3,3,2,0,3,True,False,skindeep_clinical_images,DLB_00011938.jpg,skindeep_clinical_images,Skin Deep: Paediatric Dermatology Image Resource,Skin Deep,True,False,False,False,False,RIGHT,MAJORITY_OR_FULL_CONSENSUS,FINAL,YES,YES,,,,,,,,
DLB_00011939,skindeep_clinical_images,images/DLB_00011939.jpg,3,Avery|Hana|Mitchell,RIGHT,3,FULL_AGREEMENT,"{""RIGHT"": 3}",0,3,0,0,0,0,3,3,toe,2,"{""foot"": 1, ""toe"": 2}",distinct_landmarks,3,"{""distinct_landmarks"": 3}",3,3,3,0,3,True,False,skindeep_clinical_images,DLB_00011939.jpg,skindeep_clinical_images,Skin Deep: Paediatric Dermatology Image Resource,Skin Deep,True,False,False,False,False,RIGHT,MAJORITY_OR_FULL_CONSENSUS,FINAL,YES,YES,,,,,,,,
DLB_00011940,skindeep_clinical_images,images/DLB_00011940.jpg,3,Hana|Mitchell|Sakura,LEFT,3,FULL_AGREEMENT,"{""LEFT"": 3}",3,0,0,0,0,0,3,3,face,3,"{""face"": 3}",distinct_landmarks,3,"{""distinct_landmarks"": 3}",3,3,0,0,3,True,True,skindeep_clinical_images,DLB_00011940.jpg,skindeep_clinical_images,Skin Deep: Paediatric Dermatology Image Resource,Skin Deep,True,False,False,False,False,LEFT,MAJORITY_OR_FULL_CONSENSUS,FINAL,YES,YES,,,,,,,,
DLB_00011941,skindeep_clinical_images,images/DLB_00011941.jpg,3,Avery|Hana|Sakura,RIGHT,2,MAJORITY_2_OF_3,"{""LEFT"": 1, ""RIGHT"": 2}",1,2,0,0,0,0,3,3,finger,2,"{""finger"": 2, ""hand"": 1}",distinct_landmarks,3,"{""distinct_landmarks"": 3}",3,3,2,0,3,True,False,skindeep_clinical_images,DLB_00011941.jpg,skindeep_clinical_images,Skin Deep: Paediatric Dermatology Image Resource,Skin Deep,True,True,False,False,True,RIGHT,CLINICAL_EXPERT,FINAL,YES,YES,SkinDeep prior adjudication incorporated.,,,,,,,
DLB_00011942,skindeep_clinical_images,images/DLB_00011942.jpg,3,Avery|Mitchell|Sakura,BILATERAL_OR_MIDLINE,2,MAJORITY_2_OF_3,"{""BILATERAL_OR_MIDLINE"": 2, ""UNABLE_TO_DETERMINE"": 1}",0,0,2,1,0,0,0,3,multiple,2,"{""multiple"": 2, ""thigh"": 1}",distinct_landmarks,3,"{""distinct_landmarks"": 3}",3,3,2,0,3,False,False,skindeep_clinical_images,DLB_00011942.jpg,skindeep_clinical_images,Skin Deep: Paediatric Dermatology Image Resource,Skin Deep,True,False,False,True,False,BILATERAL_OR_MIDLINE,AUTO_RULE_NONLR_ONLY_TO_BILATERAL_MIDLINE,FINAL,YES,NO,AUTO_RULE_ONLY_UTD_OR_BILATERAL_LABELS,,,,,,,
DLB_00011943,skindeep_clinical_images,images/DLB_00011943.jpg,3,Avery|Hana|Mitchell,BILATERAL_OR_MIDLINE,2,MAJORITY_2_OF_3,"{""BILATERAL_OR_MIDLINE"": 2, ""UNABLE_TO_DETERMINE"": 1}",0,0,2,1,0,0,0,3,multiple,2,"{""multiple"": 2, ""thigh"": 1}",distinct_landmarks,3,"{""distinct_landmarks"": 3}",3,3,2,0,3,False,False,skindeep_clinical_images,DLB_00011943.jpg,skindeep_clinical_images,Skin Deep: Paediatric Dermatology Image Resource,Skin Deep,True,False,False,True,False,BILATERAL_OR_MIDLINE,AUTO_RULE_NONLR_ONLY_TO_BILATERAL_MIDLINE,FINAL,YES,NO,AUTO_RULE_ONLY_UTD_OR_BILATERAL_LABELS,,,,,,,
DLB_00011944,skindeep_clinical_images,images/DLB_00011944.jpg,3,Hana|Mitchell|Sakura,UNABLE_TO_DETERMINE,2,MAJORITY_2_OF_3,"{""BILATERAL_OR_MIDLINE"": 1, ""UNABLE_TO_DETERMINE"": 2}",0,0,1,2,0,0,0,3,knee,3,"{""knee"": 3}",distinct_landmarks,3,"{""distinct_landmarks"": 3}",3,3,3,0,3,False,False,skindeep_clinical_images,DLB_00011944.jpg,skindeep_clinical_images,Skin Deep: Paediatric Dermatology Image Resource,Skin Deep,True,False,False,True,False,BILATERAL_OR_MIDLINE,CLINICAL_EXPERT,FINAL,YES,NO,SkinDeep prior adjudication incorporated.,,,,,,,
DLB_00011945,skindeep_clinical_images,images/DLB_00011945.jpg,3,Avery|Hana|Sakura,BILATERAL_OR_MIDLINE,3,FULL_AGREEMENT,"{""BILATERAL_OR_MIDLINE"": 3}",0,0,3,0,0,0,0,3,neck,3,"{""neck"": 3}",distinct_landmarks,3,"{""distinct_landmarks"": 3}",3,3,0,0,3,False,False,skindeep_clinical_images,DLB_00011945.jpg,skindeep_clinical_images,Skin Deep: Paediatric Dermatology Image Resource,Skin Deep,True,False,False,False,False,BILATERAL_OR_MIDLINE,MAJORITY_OR_FULL_CONSENSUS,FINAL,YES,NO,,,,,,,,
DLB_00011946,skindeep_clinical_images,images/DLB_00011946.jpg,3,Avery|Mitchell|Sakura,BILATERAL_OR_MIDLINE,2,MAJORITY_2_OF_3,"{""BILATERAL_OR_MIDLINE"": 2, ""RIGHT"": 1}",0,1,2,0,0,0,1,3,abdomen,3,"{""abdomen"": 3}",distinct_landmarks,3,"{""distinct_landmarks"": 3}",3,3,0,0,3,False,False,skindeep_clinical_images,DLB_00011946.jpg,skindeep_clinical_images,Skin Deep: Paediatric Dermatology Image Resource,Skin Deep,True,False,False,False,False,BILATERAL_OR_MIDLINE,MAJORITY_OR_FULL_CONSENSUS,FINAL,YES,NO,,,,,,,,
DLB_00011947,skindeep_clinical_images,images/DLB_00011947.jpg,3,Avery|Hana|Mitchell,BILATERAL_OR_MIDLINE,2,MAJORITY_2_OF_3,"{""BILATERAL_OR_MIDLINE"": 2, ""UNABLE_TO_DETERMINE"": 1}",0,0,2,1,0,0,0,3,hand,3,"{""hand"": 3}",distinct_landmarks,3,"{""distinct_landmarks"": 3}",3,3,2,0,3,False,False,skindeep_clinical_images,DLB_00011947.jpg,skindeep_clinical_images,Skin Deep: Paediatric Dermatology Image Resource,Skin Deep,True,False,False,True,False,BILATERAL_OR_MIDLINE,AUTO_RULE_NONLR_ONLY_TO_BILATERAL_MIDLINE,FINAL,YES,NO,AUTO_RULE_ONLY_UTD_OR_BILATERAL_LABELS,,,,,,,
DLB_00011948,skindeep_clinical_images,images/DLB_00011948.jpg,3,Hana|Mitchell|Sakura,RIGHT,3,FULL_AGREEMENT,"{""RIGHT"": 3}",0,3,0,0,0,0,3,3,scalp,3,"{""scalp"": 3}",distinct_landmarks,3,"{""distinct_landmarks"": 3}",3,3,3,0,3,True,False,skindeep_clinical_images,DLB_00011948.jpg,skindeep_clinical_images,Skin Deep: Paediatric Dermatology Image Resource,Skin Deep,True,False,False,False,False,RIGHT,MAJORITY_OR_FULL_CONSENSUS,FINAL,YES,YES,,,,,,,,
DLB_00011949,skindeep_clinical_images,images/DLB_00011949.jpg,3,Avery|Hana|Sakura,RIGHT,3,FULL_AGREEMENT,"{""RIGHT"": 3}",0,3,0,0,0,0,3,3,thigh,3,"{""thigh"": 3}",distinct_landmarks,3,"{""distinct_landmarks"": 3}",3,3,2,0,3,True,False,skindeep_clinical_images,DLB_00011949.jpg,skindeep_clinical_images,Skin Deep: Paediatric Dermatology Image Resource,Skin Deep,True,False,False,False,False,RIGHT,MAJORITY_OR_FULL_CONSENSUS,FINAL,YES,YES,,,,,,,,
DLB_00011950,skindeep_clinical_images,images/DLB_00011950.jpg,3,Avery|Mitchell|Sakura,LEFT,3,FULL_AGREEMENT,"{""LEFT"": 3}",3,0,0,0,0,0,3,3,scalp,3,"{""scalp"": 3}",distinct_landmarks,3,"{""distinct_landmarks"": 3}",3,3,3,0,3,True,False,skindeep_clinical_images,DLB_00011950.jpg,skindeep_clinical_images,Skin Deep: Paediatric Dermatology Image Resource,Skin Deep,True,False,False,False,False,LEFT,MAJORITY_OR_FULL_CONSENSUS,FINAL,YES,YES,,,,,,,,
DLB_00011951,skindeep_clinical_images,images/DLB_00011951.jpg,3,Avery|Hana|Mitchell,BILATERAL_OR_MIDLINE,2,MAJORITY_2_OF_3,"{""BILATERAL_OR_MIDLINE"": 2, ""UNABLE_TO_DETERMINE"": 1}",0,0,2,1,0,0,0,3,face,3,"{""face"": 3}",distinct_landmarks,3,"{""distinct_landmarks"": 3}",3,3,0,0,3,False,False,skindeep_clinical_images,DLB_00011951.jpg,skindeep_clinical_images,Skin Deep: Paediatric Dermatology Image Resource,Skin Deep,True,False,False,True,False,BILATERAL_OR_MIDLINE,AUTO_RULE_NONLR_ONLY_TO_BILATERAL_MIDLINE,FINAL,YES,NO,AUTO_RULE_ONLY_UTD_OR_BILATERAL_LABELS,,,,,,,
DLB_00011952,skindeep_clinical_images,images/DLB_00011952.jpg,3,Hana|Mitchell|Sakura,RIGHT,2,MAJORITY_2_OF_3,"{""BILATERAL_OR_MIDLINE"": 1, ""RIGHT"": 2}",0,2,1,0,0,0,2,3,finger,2,"{""finger"": 2, ""hand"": 1}",distinct_landmarks,3,"{""distinct_landmarks"": 3}",3,3,3,0,3,True,False,skindeep_clinical_images,DLB_00011952.jpg,skindeep_clinical_images,Skin Deep: Paediatric Dermatology Image Resource,Skin Deep,True,False,False,False,False,BILATERAL_OR_MIDLINE,CLINICAL_EXPERT,FINAL,YES,NO,SkinDeep prior adjudication incorporated.,,,,,,,
DLB_00011953,skindeep_clinical_images,images/DLB_00011953.jpg,3,Avery|Hana|Sakura,NO_MAJORITY,1,THREE_WAY_DISAGREEMENT,"{""BILATERAL_OR_MIDLINE"": 1, ""RIGHT"": 1, ""UNABLE_TO_DETERMINE"": 1}",0,1,1,1,0,0,1,3,chest,2,"{""chest"": 2, ""multiple"": 1}",distinct_landmarks,3,"{""distinct_landmarks"": 3}",3,3,2,0,3,False,False,skindeep_clinical_images,DLB_00011953.jpg,skindeep_clinical_images,Skin Deep: Paediatric Dermatology Image Resource,Skin Deep,True,False,True,False,True,BILATERAL_OR_MIDLINE,CLINICAL_EXPERT,FINAL,YES,NO,SkinDeep prior adjudication incorporated.,,,,,,,
DLB_00011954,skindeep_clinical_images,images/DLB_00011954.jpg,3,Avery|Mitchell|Sakura,BILATERAL_OR_MIDLINE,2,MAJORITY_2_OF_3,"{""BILATERAL_OR_MIDLINE"": 2, ""UNABLE_TO_DETERMINE"": 1}",0,0,2,1,0,0,0,2,other,1,"{""abdomen"": 1, ""other"": 1, ""unable_to_determine"": 1}",distinct_landmarks,2,"{""distinct_landmarks"": 2, ""no_landmarks"": 1}",2,2,3,0,2,False,False,skindeep_clinical_images,DLB_00011954.jpg,skindeep_clinical_images,Skin Deep: Paediatric Dermatology Image Resource,Skin Deep,True,False,False,True,False,BILATERAL_OR_MIDLINE,CLINICAL_EXPERT,FINAL,YES,NO,SkinDeep prior adjudication incorporated.,,,,,,,
DLB_00011955,skindeep_clinical_images,images/DLB_00011955.jpg,3,Avery|Hana|Mitchell,BILATERAL_OR_MIDLINE,2,MAJORITY_2_OF_3,"{""BILATERAL_OR_MIDLINE"": 2, ""UNABLE_TO_DETERMINE"": 1}",0,0,2,1,0,0,0,3,abdomen,3,"{""abdomen"": 3}",distinct_landmarks,3,"{""distinct_landmarks"": 3}",3,3,0,0,3,False,False,skindeep_clinical_images,DLB_00011955.jpg,skindeep_clinical_images,Skin Deep: Paediatric Dermatology Image Resource,Skin Deep,True,False,False,True,False,BILATERAL_OR_MIDLINE,AUTO_RULE_NONLR_ONLY_TO_BILATERAL_MIDLINE,FINAL,YES,NO,AUTO_RULE_ONLY_UTD_OR_BILATERAL_LABELS,,,,,,,
DLB_00011956,skindeep_clinical_images,images/DLB_00011956.jpg,3,Hana|Mitchell|Sakura,BILATERAL_OR_MIDLINE,3,FULL_AGREEMENT,"{""BILATERAL_OR_MIDLINE"": 3}",0,0,3,0,0,0,0,3,other,2,"{""face"": 1, ""other"": 2}",distinct_landmarks,3,"{""distinct_landmarks"": 3}",3,3,1,0,3,False,False,skindeep_clinical_images,DLB_00011956.jpg,skindeep_clinical_images,Skin Deep: Paediatric Dermatology Image Resource,Skin Deep,True,False,False,False,False,BILATERAL_OR_MIDLINE,MAJORITY_OR_FULL_CONSENSUS,FINAL,YES,NO,,,,,,,,
DLB_00011957,skindeep_clinical_images,images/DLB_00011957.jpg,3,Avery|Hana|Sakura,RIGHT,3,FULL_AGREEMENT,"{""RIGHT"": 3}",0,3,0,0,0,0,3,2,face,2,"{""face"": 2, ""other"": 1}",distinct_landmarks,3,"{""distinct_landmarks"": 3}",3,3,3,0,3,True,False,skindeep_clinical_images,DLB_00011957.jpg,skindeep_clinical_images,Skin Deep: Paediatric Dermatology Image Resource,Skin Deep,True,False,False,False,False,RIGHT,MAJORITY_OR_FULL_CONSENSUS,FINAL,YES,YES,,,,,,,,
DLB_00011958,skindeep_clinical_images,images/DLB_00011958.jpg,3,Avery|Mitchell|Sakura,RIGHT,3,FULL_AGREEMENT,"{""RIGHT"": 3}",0,3,0,0,0,0,3,3,face,2,"{""face"": 2, ""other"": 1}",distinct_landmarks,3,"{""distinct_landmarks"": 3}",3,3,0,0,3,True,True,skindeep_clinical_images,DLB_00011958.jpg,skindeep_clinical_images,Skin Deep: Paediatric Dermatology Image Resource,Skin Deep,True,False,False,False,False,RIGHT,MAJORITY_OR_FULL_CONSENSUS,FINAL,YES,YES,,,,,,,,
DLB_00011959,skindeep_clinical_images,images/DLB_00011959.jpg,3,Avery|Hana|Mitchell,BILATERAL_OR_MIDLINE,2,MAJORITY_2_OF_3,"{""BILATERAL_OR_MIDLINE"": 2, ""UNABLE_TO_DETERMINE"": 1}",0,0,2,1,0,0,0,3,abdomen,3,"{""abdomen"": 3}",distinct_landmarks,3,"{""distinct_landmarks"": 3}",3,3,3,0,3,False,False,skindeep_clinical_images,DLB_00011959.jpg,skindeep_clinical_images,Skin Deep: Paediatric Dermatology Image Resource,Skin Deep,True,False,False,True,False,BILATERAL_OR_MIDLINE,AUTO_RULE_NONLR_ONLY_TO_BILATERAL_MIDLINE,FINAL,YES,NO,AUTO_RULE_ONLY_UTD_OR_BILATERAL_LABELS,,,,,,,
DLB_00011960,skindeep_clinical_images,images/DLB_00011960.jpg,3,Hana|Mitchell|Sakura,UNABLE_TO_DETERMINE,2,MAJORITY_2_OF_3,"{""BILATERAL_OR_MIDLINE"": 1, ""UNABLE_TO_DETERMINE"": 2}",0,0,1,2,0,0,0,3,thigh,2,"{""multiple"": 1, ""thigh"": 2}",distinct_landmarks,3,"{""distinct_landmarks"": 3}",3,3,3,0,3,False,False,skindeep_clinical_images,DLB_00011960.jpg,skindeep_clinical_images,Skin Deep: Paediatric Dermatology Image Resource,Skin Deep,True,False,False,True,False,BILATERAL_OR_MIDLINE,CLINICAL_EXPERT,FINAL,YES,NO,SkinDeep prior adjudication incorporated.,,,,,,,
DLB_00011961,skindeep_clinical_images,images/DLB_00011961.jpg,3,Avery|Hana|Sakura,BILATERAL_OR_MIDLINE,2,MAJORITY_2_OF_3,"{""BILATERAL_OR_MIDLINE"": 2, ""UNABLE_TO_DETERMINE"": 1}",0,0,2,1,0,0,0,3,back,3,"{""back"": 3}",distinct_landmarks,3,"{""distinct_landmarks"": 3}",3,3,0,0,3,False,False,skindeep_clinical_images,DLB_00011961.jpg,skindeep_clinical_images,Skin Deep: Paediatric Dermatology Image Resource,Skin Deep,True,False,False,True,False,BILATERAL_OR_MIDLINE,AUTO_RULE_NONLR_ONLY_TO_BILATERAL_MIDLINE,FINAL,YES,NO,AUTO_RULE_ONLY_UTD_OR_BILATERAL_LABELS,,,,,,,
DLB_00011962,skindeep_clinical_images,images/DLB_00011962.jpg,3,Avery|Mitchell|Sakura,RIGHT,3,FULL_AGREEMENT,"{""RIGHT"": 3}",0,3,0,0,0,0,3,2,lower_leg,3,"{""lower_leg"": 3}",distinct_landmarks,3,"{""distinct_landmarks"": 3}",3,3,1,0,3,True,False,skindeep_clinical_images,DLB_00011962.jpg,skindeep_clinical_images,Skin Deep: Paediatric Dermatology Image Resource,Skin Deep,True,False,False,False,False,RIGHT,MAJORITY_OR_FULL_CONSENSUS,FINAL,YES,YES,,,,,,,,
DLB_00011963,skindeep_clinical_images,images/DLB_00011963.jpg,3,Avery|Hana|Mitchell,BILATERAL_OR_MIDLINE,3,FULL_AGREEMENT,"{""BILATERAL_OR_MIDLINE"": 3}",0,0,3,0,0,0,0,3,other,3,"{""other"": 3}",distinct_landmarks,3,"{""distinct_landmarks"": 3}",3,3,0,0,3,False,False,skindeep_clinical_images,DLB_00011963.jpg,skindeep_clinical_images,Skin Deep: Paediatric Dermatology Image Resource,Skin Deep,True,False,False,False,False,BILATERAL_OR_MIDLINE,MAJORITY_OR_FULL_CONSENSUS,FINAL,YES,NO,,,,,,,,
DLB_00011964,skindeep_clinical_images,images/DLB_00011964.jpg,3,Hana|Mitchell|Sakura,LEFT,2,MAJORITY_2_OF_3,"{""LEFT"": 2, ""UNABLE_TO_DETERMINE"": 1}",2,0,0,1,0,0,2,2,forearm,2,"{""forearm"": 2, ""unable_to_determine"": 1}",limited_landmarks,1,"{""distinct_landmarks"": 1, ""limited_landmarks"": 1, ""no_landmarks"": 1}",1,2,0,0,2,False,False,skindeep_clinical_images,DLB_00011964.jpg,skindeep_clinical_images,Skin Deep: Paediatric Dermatology Image Resource,Skin Deep,True,False,False,False,False,LEFT,CLINICAL_EXPERT,FINAL,YES,YES,SkinDeep prior adjudication incorporated.,,,,,,,
DLB_00011965,skindeep_clinical_images,images/DLB_00011965.jpg,3,Avery|Hana|Sakura,BILATERAL_OR_MIDLINE,3,FULL_AGREEMENT,"{""BILATERAL_OR_MIDLINE"": 3}",0,0,3,0,0,0,0,3,face,3,"{""face"": 3}",distinct_landmarks,3,"{""distinct_landmarks"": 3}",3,3,0,0,3,False,False,skindeep_clinical_images,DLB_00011965.jpg,skindeep_clinical_images,Skin Deep: Paediatric Dermatology Image Resource,Skin Deep,True,False,False,False,False,BILATERAL_OR_MIDLINE,MAJORITY_OR_FULL_CONSENSUS,FINAL,YES,NO,,,,,,,,
DLB_00011966,skindeep_clinical_images,images/DLB_00011966.jpg,3,Avery|Mitchell|Sakura,LEFT,3,FULL_AGREEMENT,"{""LEFT"": 3}",3,0,0,0,0,0,3,3,face,2,"{""face"": 2, ""other"": 1}",distinct_landmarks,3,"{""distinct_landmarks"": 3}",3,3,0,0,3,True,True,skindeep_clinical_images,DLB_00011966.jpg,skindeep_clinical_images,Skin Deep: Paediatric Dermatology Image Resource,Skin Deep,True,False,False,False,False,LEFT,MAJORITY_OR_FULL_CONSENSUS,FINAL,YES,YES,,,,,,,,
DLB_00011967,skindeep_clinical_images,images/DLB_00011967.jpg,3,Avery|Hana|Mitchell,LEFT,2,MAJORITY_2_OF_3,"{""BILATERAL_OR_MIDLINE"": 1, ""LEFT"": 2}",2,0,1,0,0,0,2,3,scalp,2,"{""multiple"": 1, ""scalp"": 2}",distinct_landmarks,3,"{""distinct_landmarks"": 3}",3,3,0,0,3,True,True,skindeep_clinical_images,DLB_00011967.jpg,skindeep_clinical_images,Skin Deep: Paediatric Dermatology Image Resource,Skin Deep,True,False,False,False,False,LEFT,MAJORITY_OR_FULL_CONSENSUS,FINAL,YES,YES,,,,,,,,
DLB_00011968,skindeep_clinical_images,images/DLB_00011968.jpg,3,Hana|Mitchell|Sakura,BILATERAL_OR_MIDLINE,2,MAJORITY_2_OF_3,"{""BILATERAL_OR_MIDLINE"": 2, ""UNABLE_TO_DETERMINE"": 1}",0,0,2,1,0,0,0,3,back,3,"{""back"": 3}",distinct_landmarks,3,"{""distinct_landmarks"": 3}",3,3,3,0,3,False,False,skindeep_clinical_images,DLB_00011968.jpg,skindeep_clinical_images,Skin Deep: Paediatric Dermatology Image Resource,Skin Deep,True,False,False,True,False,BILATERAL_OR_MIDLINE,AUTO_RULE_NONLR_ONLY_TO_BILATERAL_MIDLINE,FINAL,YES,NO,AUTO_RULE_ONLY_UTD_OR_BILATERAL_LABELS,,,,,,,
DLB_00011969,skindeep_clinical_images,images/DLB_00011969.jpg,3,Avery|Hana|Sakura,UNABLE_TO_DETERMINE,3,FULL_AGREEMENT,"{""UNABLE_TO_DETERMINE"": 3}",0,0,0,3,0,0,0,0,unable_to_determine,3,"{""unable_to_determine"": 3}",no_landmarks,3,"{""no_landmarks"": 3}",0,0,0,0,2,False,False,skindeep_clinical_images,DLB_00011969.jpg,skindeep_clinical_images,Skin Deep: Paediatric Dermatology Image Resource,Skin Deep,True,False,False,False,False,UNABLE_TO_DETERMINE,MAJORITY_OR_FULL_CONSENSUS,FINAL,YES,NO,,,,,,,,
DLB_00011970,skindeep_clinical_images,images/DLB_00011970.jpg,3,Avery|Mitchell|Sakura,UNABLE_TO_DETERMINE,2,MAJORITY_2_OF_3,"{""LEFT"": 1, ""UNABLE_TO_DETERMINE"": 2}",1,0,0,2,0,0,1,1,lower_leg,3,"{""lower_leg"": 3}",distinct_landmarks,2,"{""distinct_landmarks"": 2, ""limited_landmarks"": 1}",2,3,0,0,2,False,False,skindeep_clinical_images,DLB_00011970.jpg,skindeep_clinical_images,Skin Deep: Paediatric Dermatology Image Resource,Skin Deep,True,False,False,False,False,UNABLE_TO_DETERMINE,MAJORITY_OR_FULL_CONSENSUS,FINAL,YES,NO,,,,,,,,
DLB_00011971,skindeep_clinical_images,images/DLB_00011971.jpg,3,Avery|Hana|Mitchell,BILATERAL_OR_MIDLINE,2,MAJORITY_2_OF_3,"{""BILATERAL_OR_MIDLINE"": 2, ""UNABLE_TO_DETERMINE"": 1}",0,0,2,1,0,0,0,3,chest,2,"{""chest"": 2, ""multiple"": 1}",distinct_landmarks,3,"{""distinct_landmarks"": 3}",3,3,2,0,3,False,False,skindeep_clinical_images,DLB_00011971.jpg,skindeep_clinical_images,Skin Deep: Paediatric Dermatology Image Resource,Skin Deep,True,False,False,True,False,BILATERAL_OR_MIDLINE,AUTO_RULE_NONLR_ONLY_TO_BILATERAL_MIDLINE,FINAL,YES,NO,AUTO_RULE_ONLY_UTD_OR_BILATERAL_LABELS,,,,,,,
DLB_00011972,skindeep_clinical_images,images/DLB_00011972.jpg,3,Hana|Mitchell|Sakura,LEFT,3,FULL_AGREEMENT,"{""LEFT"": 3}",3,0,0,0,0,0,3,3,toe,3,"{""toe"": 3}",distinct_landmarks,3,"{""distinct_landmarks"": 3}",3,3,2,0,3,True,False,skindeep_clinical_images,DLB_00011972.jpg,skindeep_clinical_images,Skin Deep: Paediatric Dermatology Image Resource,Skin Deep,True,False,False,False,False,LEFT,MAJORITY_OR_FULL_CONSENSUS,FINAL,YES,YES,,,,,,,,
DLB_00011973,skindeep_clinical_images,images/DLB_00011973.jpg,3,Avery|Hana|Sakura,BILATERAL_OR_MIDLINE,3,FULL_AGREEMENT,"{""BILATERAL_OR_MIDLINE"": 3}",0,0,3,0,0,0,0,3,other,3,"{""other"": 3}",distinct_landmarks,3,"{""distinct_landmarks"": 3}",3,3,2,0,3,False,False,skindeep_clinical_images,DLB_00011973.jpg,skindeep_clinical_images,Skin Deep: Paediatric Dermatology Image Resource,Skin Deep,True,False,False,False,False,BILATERAL_OR_MIDLINE,MAJORITY_OR_FULL_CONSENSUS,FINAL,YES,NO,,,,,,,,
DLB_00011974,skindeep_clinical_images,images/DLB_00011974.jpg,3,Avery|Mitchell|Sakura,BILATERAL_OR_MIDLINE,2,MAJORITY_2_OF_3,"{""BILATERAL_OR_MIDLINE"": 2, ""UNABLE_TO_DETERMINE"": 1}",0,0,2,1,0,0,0,3,back,3,"{""back"": 3}",distinct_landmarks,3,"{""distinct_landmarks"": 3}",3,3,0,0,3,False,False,skindeep_clinical_images,DLB_00011974.jpg,skindeep_clinical_images,Skin Deep: Paediatric Dermatology Image Resource,Skin Deep,True,False,False,True,False,BILATERAL_OR_MIDLINE,AUTO_RULE_NONLR_ONLY_TO_BILATERAL_MIDLINE,FINAL,YES,NO,AUTO_RULE_ONLY_UTD_OR_BILATERAL_LABELS,,,,,,,
DLB_00011975,skindeep_clinical_images,images/DLB_00011975.jpg,3,Avery|Hana|Mitchell,BILATERAL_OR_MIDLINE,2,MAJORITY_2_OF_3,"{""BILATERAL_OR_MIDLINE"": 2, ""UNABLE_TO_DETERMINE"": 1}",0,0,2,1,0,0,0,3,foot,2,"{""foot"": 2, ""multiple"": 1}",distinct_landmarks,3,"{""distinct_landmarks"": 3}",3,3,3,0,3,False,False,skindeep_clinical_images,DLB_00011975.jpg,skindeep_clinical_images,Skin Deep: Paediatric Dermatology Image Resource,Skin Deep,True,False,False,True,False,BILATERAL_OR_MIDLINE,AUTO_RULE_NONLR_ONLY_TO_BILATERAL_MIDLINE,FINAL,YES,NO,AUTO_RULE_ONLY_UTD_OR_BILATERAL_LABELS,,,,,,,
DLB_00011976,skindeep_clinical_images,images/DLB_00011976.jpg,3,Hana|Mitchell|Sakura,RIGHT,3,FULL_AGREEMENT,"{""RIGHT"": 3}",0,3,0,0,0,0,3,3,thigh,3,"{""thigh"": 3}",distinct_landmarks,3,"{""distinct_landmarks"": 3}",3,3,3,0,3,True,False,skindeep_clinical_images,DLB_00011976.jpg,skindeep_clinical_images,Skin Deep: Paediatric Dermatology Image Resource,Skin Deep,True,False,False,False,False,RIGHT,MAJORITY_OR_FULL_CONSENSUS,FINAL,YES,YES,,,,,,,,
DLB_00011977,skindeep_clinical_images,images/DLB_00011977.jpg,3,Avery|Hana|Sakura,BILATERAL_OR_MIDLINE,3,FULL_AGREEMENT,"{""BILATERAL_OR_MIDLINE"": 3}",0,0,3,0,0,0,0,3,other,3,"{""other"": 3}",distinct_landmarks,3,"{""distinct_landmarks"": 3}",3,3,1,0,3,False,False,skindeep_clinical_images,DLB_00011977.jpg,skindeep_clinical_images,Skin Deep: Paediatric Dermatology Image Resource,Skin Deep,True,False,False,False,False,BILATERAL_OR_MIDLINE,MAJORITY_OR_FULL_CONSENSUS,FINAL,YES,NO,,,,,,,,
DLB_00011978,skindeep_clinical_images,images/DLB_00011978.jpg,3,Avery|Mitchell|Sakura,BILATERAL_OR_MIDLINE,3,FULL_AGREEMENT,"{""BILATERAL_OR_MIDLINE"": 3}",0,0,3,0,0,0,0,3,face,2,"{""face"": 2, ""other"": 1}",distinct_landmarks,3,"{""distinct_landmarks"": 3}",3,3,2,0,3,False,False,skindeep_clinical_images,DLB_00011978.jpg,skindeep_clinical_images,Skin Deep: Paediatric Dermatology Image Resource,Skin Deep,True,False,False,False,False,BILATERAL_OR_MIDLINE,MAJORITY_OR_FULL_CONSENSUS,FINAL,YES,NO,,,,,,,,
DLB_00011979,skindeep_clinical_images,images/DLB_00011979.jpg,3,Avery|Hana|Mitchell,RIGHT,3,FULL_AGREEMENT,"{""RIGHT"": 3}",0,3,0,0,0,0,3,3,face,2,"{""face"": 2, ""other"": 1}",distinct_landmarks,3,"{""distinct_landmarks"": 3}",3,3,0,0,3,True,True,skindeep_clinical_images,DLB_00011979.jpg,skindeep_clinical_images,Skin Deep: Paediatric Dermatology Image Resource,Skin Deep,True,False,False,False,False,RIGHT,MAJORITY_OR_FULL_CONSENSUS,FINAL,YES,YES,,,,,,,,
DLB_00011980,skindeep_clinical_images,images/DLB_00011980.jpg,3,Hana|Mitchell|Sakura,RIGHT,3,FULL_AGREEMENT,"{""RIGHT"": 3}",0,3,0,0,0,0,3,3,hand,3,"{""hand"": 3}",distinct_landmarks,3,"{""distinct_landmarks"": 3}",3,3,0,0,3,True,True,skindeep_clinical_images,DLB_00011980.jpg,skindeep_clinical_images,Skin Deep: Paediatric Dermatology Image Resource,Skin Deep,True,False,False,False,False,RIGHT,MAJORITY_OR_FULL_CONSENSUS,FINAL,YES,YES,,,,,,,,
DLB_00011981,skindeep_clinical_images,images/DLB_00011981.jpg,3,Avery|Hana|Sakura,RIGHT,2,MAJORITY_2_OF_3,"{""RIGHT"": 2, ""UNABLE_TO_DETERMINE"": 1}",0,2,0,1,0,0,2,1,forearm,3,"{""forearm"": 3}",distinct_landmarks,3,"{""distinct_landmarks"": 3}",3,3,0,0,3,False,False,skindeep_clinical_images,DLB_00011981.jpg,skindeep_clinical_images,Skin Deep: Paediatric Dermatology Image Resource,Skin Deep,True,False,False,False,False,RIGHT,MAJORITY_OR_FULL_CONSENSUS,FINAL,YES,NO,,,,,,,,
DLB_00011982,skindeep_clinical_images,images/DLB_00011982.jpg,3,Avery|Mitchell|Sakura,BILATERAL_OR_MIDLINE,3,FULL_AGREEMENT,"{""BILATERAL_OR_MIDLINE"": 3}",0,0,3,0,0,0,0,3,other,2,"{""face"": 1, ""other"": 2}",distinct_landmarks,3,"{""distinct_landmarks"": 3}",3,3,3,0,3,False,False,skindeep_clinical_images,DLB_00011982.jpg,skindeep_clinical_images,Skin Deep: Paediatric Dermatology Image Resource,Skin Deep,True,False,False,False,False,BILATERAL_OR_MIDLINE,MAJORITY_OR_FULL_CONSENSUS,FINAL,YES,NO,,,,,,,,
DLB_00011983,skindeep_clinical_images,images/DLB_00011983.jpg,3,Avery|Hana|Mitchell,UNABLE_TO_DETERMINE,2,MAJORITY_2_OF_3,"{""RIGHT"": 1, ""UNABLE_TO_DETERMINE"": 2}",0,1,0,2,0,0,1,1,unable_to_determine,2,"{""lower_leg"": 1, ""unable_to_determine"": 2}",no_landmarks,2,"{""distinct_landmarks"": 1, ""no_landmarks"": 2}",1,1,3,0,2,False,False,skindeep_clinical_images,DLB_00011983.jpg,skindeep_clinical_images,Skin Deep: Paediatric Dermatology Image Resource,Skin Deep,True,False,False,False,False,UNABLE_TO_DETERMINE,MAJORITY_OR_FULL_CONSENSUS,FINAL,YES,NO,,,,,,,,
DLB_00011984,skindeep_clinical_images,images/DLB_00011984.jpg,3,Hana|Mitchell|Sakura,UNABLE_TO_DETERMINE,3,FULL_AGREEMENT,"{""UNABLE_TO_DETERMINE"": 3}",0,0,0,3,0,0,0,0,unable_to_determine,2,"{""lower_leg"": 1, ""unable_to_determine"": 2}",no_landmarks,2,"{""limited_landmarks"": 1, ""no_landmarks"": 2}",0,1,1,0,2,False,False,skindeep_clinical_images,DLB_00011984.jpg,skindeep_clinical_images,Skin Deep: Paediatric Dermatology Image Resource,Skin Deep,True,False,False,False,False,UNABLE_TO_DETERMINE,MAJORITY_OR_FULL_CONSENSUS,FINAL,YES,NO,,,,,,,,
DLB_00011985,skindeep_clinical_images,images/DLB_00011985.jpg,3,Avery|Hana|Sakura,UNABLE_TO_DETERMINE,2,MAJORITY_2_OF_3,"{""LEFT"": 1, ""UNABLE_TO_DETERMINE"": 2}",1,0,0,2,0,0,1,0,lower_leg,3,"{""lower_leg"": 3}",limited_landmarks,2,"{""distinct_landmarks"": 1, ""limited_landmarks"": 2}",1,3,0,0,3,False,False,skindeep_clinical_images,DLB_00011985.jpg,skindeep_clinical_images,Skin Deep: Paediatric Dermatology Image Resource,Skin Deep,True,False,False,False,False,LEFT,CLINICAL_EXPERT,FINAL,YES,YES,SkinDeep prior adjudication incorporated.,,,,,,,
DLB_00011986,skindeep_clinical_images,images/DLB_00011986.jpg,3,Avery|Mitchell|Sakura,UNABLE_TO_DETERMINE,3,FULL_AGREEMENT,"{""UNABLE_TO_DETERMINE"": 3}",0,0,0,3,0,0,0,0,unable_to_determine,3,"{""unable_to_determine"": 3}",no_landmarks,3,"{""no_landmarks"": 3}",0,0,0,0,1,False,False,skindeep_clinical_images,DLB_00011986.jpg,skindeep_clinical_images,Skin Deep: Paediatric Dermatology Image Resource,Skin Deep,True,False,False,False,False,UNABLE_TO_DETERMINE,MAJORITY_OR_FULL_CONSENSUS,FINAL,YES,NO,,,,,,,,
DLB_00011987,skindeep_clinical_images,images/DLB_00011987.jpg,3,Avery|Hana|Mitchell,UNABLE_TO_DETERMINE,2,MAJORITY_2_OF_3,"{""RIGHT"": 1, ""UNABLE_TO_DETERMINE"": 2}",0,1,0,2,0,0,1,1,other,1,"{""knee"": 1, ""other"": 1, ""unable_to_determine"": 1}",limited_landmarks,1,"{""distinct_landmarks"": 1, ""limited_landmarks"": 1, ""no_landmarks"": 1}",1,2,1,0,2,False,False,skindeep_clinical_images,DLB_00011987.jpg,skindeep_clinical_images,Skin Deep: Paediatric Dermatology Image Resource,Skin Deep,True,False,False,False,False,RIGHT,CLINICAL_EXPERT,FINAL,YES,YES,SkinDeep prior adjudication incorporated.,,,,,,,
DLB_00011988,skindeep_clinical_images,images/DLB_00011988.jpg,3,Hana|Mitchell|Sakura,UNABLE_TO_DETERMINE,2,MAJORITY_2_OF_3,"{""BILATERAL_OR_MIDLINE"": 1, ""UNABLE_TO_DETERMINE"": 2}",0,0,1,2,0,0,0,1,scalp,3,"{""scalp"": 3}",distinct_landmarks,3,"{""distinct_landmarks"": 3}",3,3,0,0,3,False,False,skindeep_clinical_images,DLB_00011988.jpg,skindeep_clinical_images,Skin Deep: Paediatric Dermatology Image Resource,Skin Deep,True,False,False,True,False,UNABLE_TO_DETERMINE,CLINICAL_EXPERT,FINAL,YES,NO,SkinDeep prior adjudication incorporated.,,,,,,,
DLB_00011989,skindeep_clinical_images,images/DLB_00011989.jpg,3,Avery|Hana|Sakura,LEFT,2,MAJORITY_2_OF_3,"{""LEFT"": 2, ""RIGHT"": 1}",2,1,0,0,0,0,3,3,finger,3,"{""finger"": 3}",distinct_landmarks,3,"{""distinct_landmarks"": 3}",3,3,3,0,3,True,False,skindeep_clinical_images,DLB_00011989.jpg,skindeep_clinical_images,Skin Deep: Paediatric Dermatology Image Resource,Skin Deep,True,True,False,False,True,LEFT,CLINICAL_EXPERT,FINAL,YES,YES,SkinDeep prior adjudication incorporated.,,,,,,,
DLB_00011990,skindeep_clinical_images,images/DLB_00011990.jpg,3,Avery|Mitchell|Sakura,LEFT,3,FULL_AGREEMENT,"{""LEFT"": 3}",3,0,0,0,0,0,3,3,finger,3,"{""finger"": 3}",distinct_landmarks,3,"{""distinct_landmarks"": 3}",3,3,1,0,3,True,False,skindeep_clinical_images,DLB_00011990.jpg,skindeep_clinical_images,Skin Deep: Paediatric Dermatology Image Resource,Skin Deep,True,False,False,False,False,LEFT,MAJORITY_OR_FULL_CONSENSUS,FINAL,YES,YES,,,,,,,,
DLB_00011991,skindeep_clinical_images,images/DLB_00011991.jpg,3,Avery|Hana|Mitchell,BILATERAL_OR_MIDLINE,3,FULL_AGREEMENT,"{""BILATERAL_OR_MIDLINE"": 3}",0,0,3,0,0,0,0,3,other,3,"{""other"": 3}",distinct_landmarks,3,"{""distinct_landmarks"": 3}",3,3,1,0,3,False,False,skindeep_clinical_images,DLB_00011991.jpg,skindeep_clinical_images,Skin Deep: Paediatric Dermatology Image Resource,Skin Deep,True,False,False,False,False,BILATERAL_OR_MIDLINE,MAJORITY_OR_FULL_CONSENSUS,FINAL,YES,NO,,,,,,,,
DLB_00011992,skindeep_clinical_images,images/DLB_00011992.jpg,3,Hana|Mitchell|Sakura,BILATERAL_OR_MIDLINE,2,MAJORITY_2_OF_3,"{""BILATERAL_OR_MIDLINE"": 2, ""UNABLE_TO_DETERMINE"": 1}",0,0,2,1,0,0,0,3,abdomen,3,"{""abdomen"": 3}",distinct_landmarks,3,"{""distinct_landmarks"": 3}",3,3,0,0,3,False,False,skindeep_clinical_images,DLB_00011992.jpg,skindeep_clinical_images,Skin Deep: Paediatric Dermatology Image Resource,Skin Deep,True,False,False,True,False,BILATERAL_OR_MIDLINE,AUTO_RULE_NONLR_ONLY_TO_BILATERAL_MIDLINE,FINAL,YES,NO,AUTO_RULE_ONLY_UTD_OR_BILATERAL_LABELS,,,,,,,
DLB_00011993,skindeep_clinical_images,images/DLB_00011993.jpg,3,Avery|Hana|Sakura,BILATERAL_OR_MIDLINE,3,FULL_AGREEMENT,"{""BILATERAL_OR_MIDLINE"": 3}",0,0,3,0,0,0,0,3,other,3,"{""other"": 3}",distinct_landmarks,3,"{""distinct_landmarks"": 3}",3,3,2,0,3,False,False,skindeep_clinical_images,DLB_00011993.jpg,skindeep_clinical_images,Skin Deep: Paediatric Dermatology Image Resource,Skin Deep,True,False,False,False,False,BILATERAL_OR_MIDLINE,MAJORITY_OR_FULL_CONSENSUS,FINAL,YES,NO,,,,,,,,
DLB_00011994,skindeep_clinical_images,images/DLB_00011994.jpg,3,Avery|Mitchell|Sakura,BILATERAL_OR_MIDLINE,2,MAJORITY_2_OF_3,"{""BILATERAL_OR_MIDLINE"": 2, ""UNABLE_TO_DETERMINE"": 1}",0,0,2,1,0,0,0,3,thigh,3,"{""thigh"": 3}",distinct_landmarks,3,"{""distinct_landmarks"": 3}",3,3,3,0,3,False,False,skindeep_clinical_images,DLB_00011994.jpg,skindeep_clinical_images,Skin Deep: Paediatric Dermatology Image Resource,Skin Deep,True,False,False,True,False,BILATERAL_OR_MIDLINE,AUTO_RULE_NONLR_ONLY_TO_BILATERAL_MIDLINE,FINAL,YES,NO,AUTO_RULE_ONLY_UTD_OR_BILATERAL_LABELS,,,,,,,
DLB_00011995,skindeep_clinical_images,images/DLB_00011995.jpg,3,Avery|Hana|Mitchell,LEFT,2,MAJORITY_2_OF_3,"{""LEFT"": 2, ""UNABLE_TO_DETERMINE"": 1}",2,0,0,1,0,0,2,2,thigh,2,"{""thigh"": 2, ""unable_to_determine"": 1}",distinct_landmarks,2,"{""distinct_landmarks"": 2, ""no_landmarks"": 1}",2,2,0,0,3,True,True,skindeep_clinical_images,DLB_00011995.jpg,skindeep_clinical_images,Skin Deep: Paediatric Dermatology Image Resource,Skin Deep,True,False,False,False,False,LEFT,MAJORITY_OR_FULL_CONSENSUS,FINAL,YES,YES,,,,,,,,
DLB_00011996,skindeep_clinical_images,images/DLB_00011996.jpg,3,Hana|Mitchell|Sakura,UNABLE_TO_DETERMINE,2,MAJORITY_2_OF_3,"{""BILATERAL_OR_MIDLINE"": 1, ""UNABLE_TO_DETERMINE"": 2}",0,0,1,2,0,0,0,3,abdomen,3,"{""abdomen"": 3}",distinct_landmarks,3,"{""distinct_landmarks"": 3}",3,3,0,0,3,False,False,skindeep_clinical_images,DLB_00011996.jpg,skindeep_clinical_images,Skin Deep: Paediatric Dermatology Image Resource,Skin Deep,True,False,False,True,False,BILATERAL_OR_MIDLINE,CLINICAL_EXPERT,FINAL,YES,NO,SkinDeep prior adjudication incorporated.,,,,,,,
DLB_00011997,skindeep_clinical_images,images/DLB_00011997.jpg,3,Avery|Hana|Sakura,NO_MAJORITY,1,THREE_WAY_DISAGREEMENT,"{""BILATERAL_OR_MIDLINE"": 1, ""RIGHT"": 1, ""UNABLE_TO_DETERMINE"": 1}",0,1,1,1,0,0,1,3,thigh,3,"{""thigh"": 3}",distinct_landmarks,3,"{""distinct_landmarks"": 3}",3,3,2,0,3,False,False,skindeep_clinical_images,DLB_00011997.jpg,skindeep_clinical_images,Skin Deep: Paediatric Dermatology Image Resource,Skin Deep,True,False,True,False,True,RIGHT,CLINICAL_EXPERT,FINAL,YES,YES,ANATOMIC_LANDMARK_SUPPORTS_RIGHT,,,,,,,
DLB_00011998,skindeep_clinical_images,images/DLB_00011998.jpg,3,Avery|Mitchell|Sakura,BILATERAL_OR_MIDLINE,3,FULL_AGREEMENT,"{""BILATERAL_OR_MIDLINE"": 3}",0,0,3,0,0,0,0,3,other,1,"{""multiple"": 1, ""other"": 1, ""unable_to_determine"": 1}",distinct_landmarks,3,"{""distinct_landmarks"": 3}",3,3,0,0,3,False,False,skindeep_clinical_images,DLB_00011998.jpg,skindeep_clinical_images,Skin Deep: Paediatric Dermatology Image Resource,Skin Deep,True,False,False,False,False,BILATERAL_OR_MIDLINE,MAJORITY_OR_FULL_CONSENSUS,FINAL,YES,NO,,,,,,,,
DLB_00011999,skindeep_clinical_images,images/DLB_00011999.jpg,3,Avery|Hana|Mitchell,BILATERAL_OR_MIDLINE,3,FULL_AGREEMENT,"{""BILATERAL_OR_MIDLINE"": 3}",0,0,3,0,0,0,0,3,other,3,"{""other"": 3}",distinct_landmarks,3,"{""distinct_landmarks"": 3}",3,3,0,0,3,False,False,skindeep_clinical_images,DLB_00011999.jpg,skindeep_clinical_images,Skin Deep: Paediatric Dermatology Image Resource,Skin Deep,True,False,False,False,False,BILATERAL_OR_MIDLINE,MAJORITY_OR_FULL_CONSENSUS,FINAL,YES,NO,,,,,,,,
DLB_00012000,skindeep_clinical_images,images/DLB_00012000.jpg,3,Hana|Mitchell|Sakura,RIGHT,3,FULL_AGREEMENT,"{""RIGHT"": 3}",0,3,0,0,0,0,3,2,forearm,2,"{""forearm"": 2, ""lower_leg"": 1}",distinct_landmarks,2,"{""distinct_landmarks"": 2, ""limited_landmarks"": 1}",2,3,1,0,3,True,False,skindeep_clinical_images,DLB_00012000.jpg,skindeep_clinical_images,Skin Deep: Paediatric Dermatology Image Resource,Skin Deep,True,False,False,False,False,RIGHT,MAJORITY_OR_FULL_CONSENSUS,FINAL,YES,YES,,,,,,,,
DLB_00012001,skindeep_clinical_images,images/DLB_00012001.jpg,3,Avery|Hana|Sakura,LEFT,2,MAJORITY_2_OF_3,"{""LEFT"": 2, ""RIGHT"": 1}",2,1,0,0,0,0,3,3,finger,3,"{""finger"": 3}",distinct_landmarks,3,"{""distinct_landmarks"": 3}",3,3,3,0,3,True,False,skindeep_clinical_images,DLB_00012001.jpg,skindeep_clinical_images,Skin Deep: Paediatric Dermatology Image Resource,Skin Deep,True,True,False,False,True,LEFT,MANUAL_USER_CORRECTION,FINAL,YES,YES,SkinDeep prior adjudication incorporated. | Manual user correction: DLB_00012001 = LEFT; body region finger; laterality determinable YES.,,finger,,COMPLETE,,YES,
DLB_00012002,skindeep_clinical_images,images/DLB_00012002.jpg,3,Avery|Mitchell|Sakura,BILATERAL_OR_MIDLINE,2,MAJORITY_2_OF_3,"{""BILATERAL_OR_MIDLINE"": 2, ""UNABLE_TO_DETERMINE"": 1}",0,0,2,1,0,0,0,3,multiple,2,"{""chest"": 1, ""multiple"": 2}",distinct_landmarks,3,"{""distinct_landmarks"": 3}",3,3,2,0,3,False,False,skindeep_clinical_images,DLB_00012002.jpg,skindeep_clinical_images,Skin Deep: Paediatric Dermatology Image Resource,Skin Deep,True,False,False,True,False,BILATERAL_OR_MIDLINE,AUTO_RULE_NONLR_ONLY_TO_BILATERAL_MIDLINE,FINAL,YES,NO,AUTO_RULE_ONLY_UTD_OR_BILATERAL_LABELS,,,,,,,
DLB_00012003,skindeep_clinical_images,images/DLB_00012003.jpg,3,Avery|Hana|Mitchell,BILATERAL_OR_MIDLINE,2,MAJORITY_2_OF_3,"{""BILATERAL_OR_MIDLINE"": 2, ""UNABLE_TO_DETERMINE"": 1}",0,0,2,1,0,0,0,3,back,2,"{""back"": 2, ""multiple"": 1}",distinct_landmarks,3,"{""distinct_landmarks"": 3}",3,3,1,0,3,False,False,skindeep_clinical_images,DLB_00012003.jpg,skindeep_clinical_images,Skin Deep: Paediatric Dermatology Image Resource,Skin Deep,True,False,False,True,False,BILATERAL_OR_MIDLINE,AUTO_RULE_NONLR_ONLY_TO_BILATERAL_MIDLINE,FINAL,YES,NO,AUTO_RULE_ONLY_UTD_OR_BILATERAL_LABELS,,,,,,,
DLB_00012004,skindeep_clinical_images,images/DLB_00012004.jpg,3,Hana|Mitchell|Sakura,BILATERAL_OR_MIDLINE,3,FULL_AGREEMENT,"{""BILATERAL_OR_MIDLINE"": 3}",0,0,3,0,0,0,0,3,other,2,"{""multiple"": 1, ""other"": 2}",distinct_landmarks,3,"{""distinct_landmarks"": 3}",3,3,1,0,3,False,False,skindeep_clinical_images,DLB_00012004.jpg,skindeep_clinical_images,Skin Deep: Paediatric Dermatology Image Resource,Skin Deep,True,False,False,False,False,BILATERAL_OR_MIDLINE,MAJORITY_OR_FULL_CONSENSUS,FINAL,YES,NO,,,,,,,,
DLB_00012005,skindeep_clinical_images,images/DLB_00012005.jpg,3,Avery|Hana|Sakura,LEFT,3,FULL_AGREEMENT,"{""LEFT"": 3}",3,0,0,0,0,0,3,3,face,2,"{""face"": 2, ""other"": 1}",distinct_landmarks,3,"{""distinct_landmarks"": 3}",3,3,0,0,3,True,True,skindeep_clinical_images,DLB_00012005.jpg,skindeep_clinical_images,Skin Deep: Paediatric Dermatology Image Resource,Skin Deep,True,False,False,False,False,LEFT,MAJORITY_OR_FULL_CONSENSUS,FINAL,YES,YES,,,,,,,,
DLB_00012006,skindeep_clinical_images,images/DLB_00012006.jpg,3,Avery|Mitchell|Sakura,LEFT,3,FULL_AGREEMENT,"{""LEFT"": 3}",3,0,0,0,0,0,3,3,face,2,"{""face"": 2, ""other"": 1}",distinct_landmarks,3,"{""distinct_landmarks"": 3}",3,3,0,0,3,True,True,skindeep_clinical_images,DLB_00012006.jpg,skindeep_clinical_images,Skin Deep: Paediatric Dermatology Image Resource,Skin Deep,True,False,False,False,False,LEFT,MAJORITY_OR_FULL_CONSENSUS,FINAL,YES,YES,,,,,,,,
DLB_00012007,skindeep_clinical_images,images/DLB_00012007.jpg,3,Avery|Hana|Mitchell,BILATERAL_OR_MIDLINE,3,FULL_AGREEMENT,"{""BILATERAL_OR_MIDLINE"": 3}",0,0,3,0,0,0,0,3,face,2,"{""face"": 2, ""other"": 1}",distinct_landmarks,3,"{""distinct_landmarks"": 3}",3,3,2,0,3,False,False,skindeep_clinical_images,DLB_00012007.jpg,skindeep_clinical_images,Skin Deep: Paediatric Dermatology Image Resource,Skin Deep,True,False,False,False,False,BILATERAL_OR_MIDLINE,MAJORITY_OR_FULL_CONSENSUS,FINAL,YES,NO,,,,,,,,
DLB_00012008,skindeep_clinical_images,images/DLB_00012008.jpg,3,Hana|Mitchell|Sakura,LEFT,3,FULL_AGREEMENT,"{""LEFT"": 3}",3,0,0,0,0,0,3,3,face,3,"{""face"": 3}",distinct_landmarks,3,"{""distinct_landmarks"": 3}",3,3,0,0,3,True,True,skindeep_clinical_images,DLB_00012008.jpg,skindeep_clinical_images,Skin Deep: Paediatric Dermatology Image Resource,Skin Deep,True,False,False,False,False,LEFT,MAJORITY_OR_FULL_CONSENSUS,FINAL,YES,YES,,,,,,,,
DLB_00012009,skindeep_clinical_images,images/DLB_00012009.jpg,3,Avery|Hana|Sakura,LEFT,3,FULL_AGREEMENT,"{""LEFT"": 3}",3,0,0,0,0,0,3,3,finger,3,"{""finger"": 3}",distinct_landmarks,3,"{""distinct_landmarks"": 3}",3,3,2,0,3,True,False,skindeep_clinical_images,DLB_00012009.jpg,skindeep_clinical_images,Skin Deep: Paediatric Dermatology Image Resource,Skin Deep,True,False,False,False,False,LEFT,MAJORITY_OR_FULL_CONSENSUS,FINAL,YES,YES,,,,,,,,
DLB_00012010,skindeep_clinical_images,images/DLB_00012010.jpg,3,Avery|Mitchell|Sakura,LEFT,3,FULL_AGREEMENT,"{""LEFT"": 3}",3,0,0,0,0,0,3,3,finger,3,"{""finger"": 3}",distinct_landmarks,3,"{""distinct_landmarks"": 3}",3,3,1,0,3,True,False,skindeep_clinical_images,DLB_00012010.jpg,skindeep_clinical_images,Skin Deep: Paediatric Dermatology Image Resource,Skin Deep,True,False,False,False,False,LEFT,MAJORITY_OR_FULL_CONSENSUS,FINAL,YES,YES,,,,,,,,
DLB_00012011,skindeep_clinical_images,images/DLB_00012011.jpg,3,Avery|Hana|Mitchell,BILATERAL_OR_MIDLINE,3,FULL_AGREEMENT,"{""BILATERAL_OR_MIDLINE"": 3}",0,0,3,0,0,0,0,3,neck,2,"{""chest"": 1, ""neck"": 2}",distinct_landmarks,3,"{""distinct_landmarks"": 3}",3,3,0,0,3,False,False,skindeep_clinical_images,DLB_00012011.jpg,skindeep_clinical_images,Skin Deep: Paediatric Dermatology Image Resource,Skin Deep,True,False,False,False,False,BILATERAL_OR_MIDLINE,MAJORITY_OR_FULL_CONSENSUS,FINAL,YES,NO,,,,,,,,
DLB_00012012,skindeep_clinical_images,images/DLB_00012012.jpg,3,Hana|Mitchell|Sakura,BILATERAL_OR_MIDLINE,3,FULL_AGREEMENT,"{""BILATERAL_OR_MIDLINE"": 3}",0,0,3,0,0,0,0,3,face,3,"{""face"": 3}",distinct_landmarks,3,"{""distinct_landmarks"": 3}",3,3,0,0,3,False,False,skindeep_clinical_images,DLB_00012012.jpg,skindeep_clinical_images,Skin Deep: Paediatric Dermatology Image Resource,Skin Deep,True,False,False,False,False,BILATERAL_OR_MIDLINE,MAJORITY_OR_FULL_CONSENSUS,FINAL,YES,NO,,,,,,,,
DLB_00012013,skindeep_clinical_images,images/DLB_00012013.jpg,3,Avery|Hana|Sakura,UNABLE_TO_DETERMINE,2,MAJORITY_2_OF_3,"{""BILATERAL_OR_MIDLINE"": 1, ""UNABLE_TO_DETERMINE"": 2}",0,0,1,2,0,0,0,3,face,3,"{""face"": 3}",distinct_landmarks,3,"{""distinct_landmarks"": 3}",3,3,0,0,3,False,False,skindeep_clinical_images,DLB_00012013.jpg,skindeep_clinical_images,Skin Deep: Paediatric Dermatology Image Resource,Skin Deep,True,False,False,True,False,BILATERAL_OR_MIDLINE,CLINICAL_EXPERT,FINAL,YES,NO,SkinDeep prior adjudication incorporated.,,,,,,,
DLB_00012014,skindeep_clinical_images,images/DLB_00012014.jpg,3,Avery|Mitchell|Sakura,NO_MAJORITY,1,THREE_WAY_DISAGREEMENT,"{""BILATERAL_OR_MIDLINE"": 1, ""LEFT"": 1, ""UNABLE_TO_DETERMINE"": 1}",1,0,1,1,0,0,1,3,back,3,"{""back"": 3}",distinct_landmarks,3,"{""distinct_landmarks"": 3}",3,3,0,0,3,False,False,skindeep_clinical_images,DLB_00012014.jpg,skindeep_clinical_images,Skin Deep: Paediatric Dermatology Image Resource,Skin Deep,True,False,True,False,True,BILATERAL_OR_MIDLINE,CLINICAL_EXPERT,FINAL,YES,NO,SkinDeep prior adjudication incorporated.,,,,,,,
DLB_00012015,skindeep_clinical_images,images/DLB_00012015.jpg,3,Avery|Hana|Mitchell,BILATERAL_OR_MIDLINE,2,MAJORITY_2_OF_3,"{""BILATERAL_OR_MIDLINE"": 2, ""UNABLE_TO_DETERMINE"": 1}",0,0,2,1,0,0,0,3,multiple,3,"{""multiple"": 3}",distinct_landmarks,3,"{""distinct_landmarks"": 3}",3,3,2,0,3,False,False,skindeep_clinical_images,DLB_00012015.jpg,skindeep_clinical_images,Skin Deep: Paediatric Dermatology Image Resource,Skin Deep,True,False,False,True,False,BILATERAL_OR_MIDLINE,AUTO_RULE_NONLR_ONLY_TO_BILATERAL_MIDLINE,FINAL,YES,NO,AUTO_RULE_ONLY_UTD_OR_BILATERAL_LABELS,,,,,,,
DLB_00012016,skindeep_clinical_images,images/DLB_00012016.jpg,3,Hana|Mitchell|Sakura,LEFT,3,FULL_AGREEMENT,"{""LEFT"": 3}",3,0,0,0,0,0,3,3,multiple,2,"{""forearm"": 1, ""multiple"": 2}",distinct_landmarks,3,"{""distinct_landmarks"": 3}",3,3,1,0,3,True,False,skindeep_clinical_images,DLB_00012016.jpg,skindeep_clinical_images,Skin Deep: Paediatric Dermatology Image Resource,Skin Deep,True,False,False,False,False,LEFT,MAJORITY_OR_FULL_CONSENSUS,FINAL,YES,YES,,,,,,,,
DLB_00012017,skindeep_clinical_images,images/DLB_00012017.jpg,3,Avery|Hana|Sakura,RIGHT,3,FULL_AGREEMENT,"{""RIGHT"": 3}",0,3,0,0,0,0,3,3,multiple,2,"{""forearm"": 1, ""multiple"": 2}",distinct_landmarks,3,"{""distinct_landmarks"": 3}",3,3,1,0,3,True,False,skindeep_clinical_images,DLB_00012017.jpg,skindeep_clinical_images,Skin Deep: Paediatric Dermatology Image Resource,Skin Deep,True,False,False,False,False,RIGHT,MAJORITY_OR_FULL_CONSENSUS,FINAL,YES,YES,,,,,,,,
DLB_00012018,skindeep_clinical_images,images/DLB_00012018.jpg,3,Avery|Mitchell|Sakura,BILATERAL_OR_MIDLINE,2,MAJORITY_2_OF_3,"{""BILATERAL_OR_MIDLINE"": 2, ""UNABLE_TO_DETERMINE"": 1}",0,0,2,1,0,0,0,3,foot,3,"{""foot"": 3}",distinct_landmarks,3,"{""distinct_landmarks"": 3}",3,3,2,0,3,False,False,skindeep_clinical_images,DLB_00012018.jpg,skindeep_clinical_images,Skin Deep: Paediatric Dermatology Image Resource,Skin Deep,True,False,False,True,False,BILATERAL_OR_MIDLINE,AUTO_RULE_NONLR_ONLY_TO_BILATERAL_MIDLINE,FINAL,YES,NO,AUTO_RULE_ONLY_UTD_OR_BILATERAL_LABELS,,,,,,,
DLB_00012019,skindeep_clinical_images,images/DLB_00012019.jpg,3,Avery|Hana|Mitchell,BILATERAL_OR_MIDLINE,2,MAJORITY_2_OF_3,"{""BILATERAL_OR_MIDLINE"": 2, ""UNABLE_TO_DETERMINE"": 1}",0,0,2,1,0,0,0,3,foot,3,"{""foot"": 3}",distinct_landmarks,3,"{""distinct_landmarks"": 3}",3,3,2,0,3,False,False,skindeep_clinical_images,DLB_00012019.jpg,skindeep_clinical_images,Skin Deep: Paediatric Dermatology Image Resource,Skin Deep,True,False,False,True,False,BILATERAL_OR_MIDLINE,AUTO_RULE_NONLR_ONLY_TO_BILATERAL_MIDLINE,FINAL,YES,NO,AUTO_RULE_ONLY_UTD_OR_BILATERAL_LABELS,,,,,,,
DLB_00012020,skindeep_clinical_images,images/DLB_00012020.jpg,3,Hana|Mitchell|Sakura,UNABLE_TO_DETERMINE,2,MAJORITY_2_OF_3,"{""BILATERAL_OR_MIDLINE"": 1, ""UNABLE_TO_DETERMINE"": 2}",0,0,1,2,0,0,0,3,multiple,1,"{""foot"": 1, ""lower_leg"": 1, ""multiple"": 1}",distinct_landmarks,3,"{""distinct_landmarks"": 3}",3,3,3,0,3,False,False,skindeep_clinical_images,DLB_00012020.jpg,skindeep_clinical_images,Skin Deep: Paediatric Dermatology Image Resource,Skin Deep,True,False,False,True,False,BILATERAL_OR_MIDLINE,CLINICAL_EXPERT,FINAL,YES,NO,SkinDeep prior adjudication incorporated.,,,,,,,
DLB_00012021,skindeep_clinical_images,images/DLB_00012021.jpg,3,Avery|Hana|Sakura,RIGHT,3,FULL_AGREEMENT,"{""RIGHT"": 3}",0,3,0,0,0,0,3,3,finger,2,"{""finger"": 2, ""hand"": 1}",distinct_landmarks,3,"{""distinct_landmarks"": 3}",3,3,2,0,3,True,False,skindeep_clinical_images,DLB_00012021.jpg,skindeep_clinical_images,Skin Deep: Paediatric Dermatology Image Resource,Skin Deep,True,False,False,False,False,RIGHT,MAJORITY_OR_FULL_CONSENSUS,FINAL,YES,YES,,,,,,,,
DLB_00012022,skindeep_clinical_images,images/DLB_00012022.jpg,3,Avery|Mitchell|Sakura,RIGHT,3,FULL_AGREEMENT,"{""RIGHT"": 3}",0,3,0,0,0,0,3,3,finger,3,"{""finger"": 3}",distinct_landmarks,3,"{""distinct_landmarks"": 3}",3,3,1,0,3,True,False,skindeep_clinical_images,DLB_00012022.jpg,skindeep_clinical_images,Skin Deep: Paediatric Dermatology Image Resource,Skin Deep,True,False,False,False,False,RIGHT,MAJORITY_OR_FULL_CONSENSUS,FINAL,YES,YES,,,,,,,,
DLB_00012023,skindeep_clinical_images,images/DLB_00012023.jpg,3,Avery|Hana|Mitchell,BILATERAL_OR_MIDLINE,2,MAJORITY_2_OF_3,"{""BILATERAL_OR_MIDLINE"": 2, ""LEFT"": 1}",1,0,2,0,0,0,1,3,finger,3,"{""finger"": 3}",distinct_landmarks,3,"{""distinct_landmarks"": 3}",3,3,2,0,3,False,False,skindeep_clinical_images,DLB_00012023.jpg,skindeep_clinical_images,Skin Deep: Paediatric Dermatology Image Resource,Skin Deep,True,False,False,False,False,BILATERAL_OR_MIDLINE,MAJORITY_OR_FULL_CONSENSUS,FINAL,YES,NO,,,,,,,,
DLB_00012024,skindeep_clinical_images,images/DLB_00012024.jpg,3,Hana|Mitchell|Sakura,LEFT,3,FULL_AGREEMENT,"{""LEFT"": 3}",3,0,0,0,0,0,3,3,finger,3,"{""finger"": 3}",distinct_landmarks,3,"{""distinct_landmarks"": 3}",3,3,3,0,3,True,False,skindeep_clinical_images,DLB_00012024.jpg,skindeep_clinical_images,Skin Deep: Paediatric Dermatology Image Resource,Skin Deep,True,False,False,False,False,LEFT,MAJORITY_OR_FULL_CONSENSUS,FINAL,YES,YES,,,,,,,,
DLB_00012025,skindeep_clinical_images,images/DLB_00012025.jpg,3,Avery|Hana|Sakura,RIGHT,3,FULL_AGREEMENT,"{""RIGHT"": 3}",0,3,0,0,0,0,3,3,face,2,"{""face"": 2, ""other"": 1}",distinct_landmarks,3,"{""distinct_landmarks"": 3}",3,3,0,0,3,True,True,skindeep_clinical_images,DLB_00012025.jpg,skindeep_clinical_images,Skin Deep: Paediatric Dermatology Image Resource,Skin Deep,True,False,False,False,False,RIGHT,MAJORITY_OR_FULL_CONSENSUS,FINAL,YES,YES,,,,,,,,
DLB_00012026,skindeep_clinical_images,images/DLB_00012026.jpg,3,Avery|Mitchell|Sakura,UNABLE_TO_DETERMINE,3,FULL_AGREEMENT,"{""UNABLE_TO_DETERMINE"": 3}",0,0,0,3,0,0,0,0,unable_to_determine,3,"{""unable_to_determine"": 3}",no_landmarks,3,"{""no_landmarks"": 3}",0,0,0,0,1,False,False,skindeep_clinical_images,DLB_00012026.jpg,skindeep_clinical_images,Skin Deep: Paediatric Dermatology Image Resource,Skin Deep,True,False,False,False,False,UNABLE_TO_DETERMINE,MAJORITY_OR_FULL_CONSENSUS,FINAL,YES,NO,,,,,,,,
DLB_00012027,skindeep_clinical_images,images/DLB_00012027.jpg,3,Avery|Hana|Mitchell,BILATERAL_OR_MIDLINE,2,MAJORITY_2_OF_3,"{""BILATERAL_OR_MIDLINE"": 2, ""UNABLE_TO_DETERMINE"": 1}",0,0,2,1,0,0,0,3,multiple,2,"{""chest"": 1, ""multiple"": 2}",distinct_landmarks,3,"{""distinct_landmarks"": 3}",3,3,1,0,3,False,False,skindeep_clinical_images,DLB_00012027.jpg,skindeep_clinical_images,Skin Deep: Paediatric Dermatology Image Resource,Skin Deep,True,False,False,True,False,BILATERAL_OR_MIDLINE,AUTO_RULE_NONLR_ONLY_TO_BILATERAL_MIDLINE,FINAL,YES,NO,AUTO_RULE_ONLY_UTD_OR_BILATERAL_LABELS,,,,,,,
DLB_00012028,skindeep_clinical_images,images/DLB_00012028.jpg,3,Hana|Mitchell|Sakura,BILATERAL_OR_MIDLINE,3,FULL_AGREEMENT,"{""BILATERAL_OR_MIDLINE"": 3}",0,0,3,0,0,0,0,3,abdomen,3,"{""abdomen"": 3}",distinct_landmarks,3,"{""distinct_landmarks"": 3}",3,3,2,0,3,False,False,skindeep_clinical_images,DLB_00012028.jpg,skindeep_clinical_images,Skin Deep: Paediatric Dermatology Image Resource,Skin Deep,True,False,False,False,False,BILATERAL_OR_MIDLINE,MAJORITY_OR_FULL_CONSENSUS,FINAL,YES,NO,,,,,,,,
DLB_00012029,skindeep_clinical_images,images/DLB_00012029.jpg,3,Avery|Hana|Sakura,BILATERAL_OR_MIDLINE,2,MAJORITY_2_OF_3,"{""BILATERAL_OR_MIDLINE"": 2, ""UNABLE_TO_DETERMINE"": 1}",0,0,2,1,0,0,0,3,abdomen,3,"{""abdomen"": 3}",distinct_landmarks,3,"{""distinct_landmarks"": 3}",3,3,1,0,3,False,False,skindeep_clinical_images,DLB_00012029.jpg,skindeep_clinical_images,Skin Deep: Paediatric Dermatology Image Resource,Skin Deep,True,False,False,True,False,BILATERAL_OR_MIDLINE,AUTO_RULE_NONLR_ONLY_TO_BILATERAL_MIDLINE,FINAL,YES,NO,AUTO_RULE_ONLY_UTD_OR_BILATERAL_LABELS,,,,,,,
DLB_00012030,skindeep_clinical_images,images/DLB_00012030.jpg,3,Avery|Mitchell|Sakura,LEFT,3,FULL_AGREEMENT,"{""LEFT"": 3}",3,0,0,0,0,0,3,3,hand,2,"{""hand"": 2, ""multiple"": 1}",distinct_landmarks,3,"{""distinct_landmarks"": 3}",3,3,0,0,3,True,True,skindeep_clinical_images,DLB_00012030.jpg,skindeep_clinical_images,Skin Deep: Paediatric Dermatology Image Resource,Skin Deep,True,False,False,False,False,LEFT,MAJORITY_OR_FULL_CONSENSUS,FINAL,YES,YES,,,,,,,,
DLB_00012031,skindeep_clinical_images,images/DLB_00012031.jpg,3,Avery|Hana|Mitchell,LEFT,3,FULL_AGREEMENT,"{""LEFT"": 3}",3,0,0,0,0,0,3,3,forearm,3,"{""forearm"": 3}",distinct_landmarks,2,"{""distinct_landmarks"": 2, ""limited_landmarks"": 1}",2,3,0,0,3,True,True,skindeep_clinical_images,DLB_00012031.jpg,skindeep_clinical_images,Skin Deep: Paediatric Dermatology Image Resource,Skin Deep,True,False,False,False,False,LEFT,MAJORITY_OR_FULL_CONSENSUS,FINAL,YES,YES,,,,,,,,
DLB_00012032,skindeep_clinical_images,images/DLB_00012032.jpg,3,Hana|Mitchell|Sakura,LEFT,3,FULL_AGREEMENT,"{""LEFT"": 3}",3,0,0,0,0,0,3,3,hand,3,"{""hand"": 3}",distinct_landmarks,3,"{""distinct_landmarks"": 3}",3,3,0,0,3,True,True,skindeep_clinical_images,DLB_00012032.jpg,skindeep_clinical_images,Skin Deep: Paediatric Dermatology Image Resource,Skin Deep,True,False,False,False,False,LEFT,MAJORITY_OR_FULL_CONSENSUS,FINAL,YES,YES,,,,,,,,
DLB_00012033,skindeep_clinical_images,images/DLB_00012033.jpg,3,Avery|Hana|Sakura,LEFT,3,FULL_AGREEMENT,"{""LEFT"": 3}",3,0,0,0,0,0,3,3,forearm,3,"{""forearm"": 3}",distinct_landmarks,3,"{""distinct_landmarks"": 3}",3,3,0,0,3,True,True,skindeep_clinical_images,DLB_00012033.jpg,skindeep_clinical_images,Skin Deep: Paediatric Dermatology Image Resource,Skin Deep,True,False,False,False,False,LEFT,MAJORITY_OR_FULL_CONSENSUS,FINAL,YES,YES,,,,,,,,
DLB_00012034,skindeep_clinical_images,images/DLB_00012034.jpg,3,Avery|Mitchell|Sakura,UNABLE_TO_DETERMINE,3,FULL_AGREEMENT,"{""UNABLE_TO_DETERMINE"": 3}",0,0,0,3,0,0,0,0,unable_to_determine,3,"{""unable_to_determine"": 3}",no_landmarks,3,"{""no_landmarks"": 3}",0,0,0,0,1,False,False,skindeep_clinical_images,DLB_00012034.jpg,skindeep_clinical_images,Skin Deep: Paediatric Dermatology Image Resource,Skin Deep,True,False,False,False,False,UNABLE_TO_DETERMINE,MAJORITY_OR_FULL_CONSENSUS,FINAL,YES,NO,,,,,,,,
DLB_00012035,skindeep_clinical_images,images/DLB_00012035.jpg,3,Avery|Hana|Mitchell,UNABLE_TO_DETERMINE,2,MAJORITY_2_OF_3,"{""LEFT"": 1, ""UNABLE_TO_DETERMINE"": 2}",1,0,0,2,0,0,1,1,unable_to_determine,2,"{""unable_to_determine"": 2, ""upper_arm"": 1}",no_landmarks,2,"{""limited_landmarks"": 1, ""no_landmarks"": 2}",0,1,0,0,1,False,False,skindeep_clinical_images,DLB_00012035.jpg,skindeep_clinical_images,Skin Deep: Paediatric Dermatology Image Resource,Skin Deep,True,False,False,False,False,UNABLE_TO_DETERMINE,MAJORITY_OR_FULL_CONSENSUS,FINAL,YES,NO,,,,,,,,
DLB_00012036,skindeep_clinical_images,images/DLB_00012036.jpg,3,Hana|Mitchell|Sakura,BILATERAL_OR_MIDLINE,3,FULL_AGREEMENT,"{""BILATERAL_OR_MIDLINE"": 3}",0,0,3,0,0,0,0,3,abdomen,3,"{""abdomen"": 3}",distinct_landmarks,3,"{""distinct_landmarks"": 3}",3,3,2,0,3,False,False,skindeep_clinical_images,DLB_00012036.jpg,skindeep_clinical_images,Skin Deep: Paediatric Dermatology Image Resource,Skin Deep,True,False,False,False,False,BILATERAL_OR_MIDLINE,MAJORITY_OR_FULL_CONSENSUS,FINAL,YES,NO,,,,,,,,
DLB_00012037,skindeep_clinical_images,images/DLB_00012037.jpg,3,Avery|Hana|Sakura,UNABLE_TO_DETERMINE,2,MAJORITY_2_OF_3,"{""BILATERAL_OR_MIDLINE"": 1, ""UNABLE_TO_DETERMINE"": 2}",0,0,1,2,0,0,0,3,multiple,3,"{""multiple"": 3}",distinct_landmarks,3,"{""distinct_landmarks"": 3}",3,3,2,0,3,False,False,skindeep_clinical_images,DLB_00012037.jpg,skindeep_clinical_images,Skin Deep: Paediatric Dermatology Image Resource,Skin Deep,True,False,False,True,False,BILATERAL_OR_MIDLINE,CLINICAL_EXPERT,FINAL,YES,NO,SkinDeep prior adjudication incorporated.,,,,,,,
DLB_00012038,skindeep_clinical_images,images/DLB_00012038.jpg,3,Avery|Mitchell|Sakura,BILATERAL_OR_MIDLINE,3,FULL_AGREEMENT,"{""BILATERAL_OR_MIDLINE"": 3}",0,0,3,0,0,0,0,3,other,3,"{""other"": 3}",distinct_landmarks,3,"{""distinct_landmarks"": 3}",3,3,0,0,3,False,False,skindeep_clinical_images,DLB_00012038.jpg,skindeep_clinical_images,Skin Deep: Paediatric Dermatology Image Resource,Skin Deep,True,False,False,False,False,BILATERAL_OR_MIDLINE,MAJORITY_OR_FULL_CONSENSUS,FINAL,YES,NO,,,,,,,,
DLB_00012039,skindeep_clinical_images,images/DLB_00012039.jpg,3,Avery|Hana|Mitchell,BILATERAL_OR_MIDLINE,2,MAJORITY_2_OF_3,"{""BILATERAL_OR_MIDLINE"": 2, ""UNABLE_TO_DETERMINE"": 1}",0,0,2,1,0,0,0,3,face,3,"{""face"": 3}",distinct_landmarks,3,"{""distinct_landmarks"": 3}",3,3,0,0,3,False,False,skindeep_clinical_images,DLB_00012039.jpg,skindeep_clinical_images,Skin Deep: Paediatric Dermatology Image Resource,Skin Deep,True,False,False,True,False,BILATERAL_OR_MIDLINE,AUTO_RULE_NONLR_ONLY_TO_BILATERAL_MIDLINE,FINAL,YES,NO,AUTO_RULE_ONLY_UTD_OR_BILATERAL_LABELS,,,,,,,
DLB_00012040,skindeep_clinical_images,images/DLB_00012040.jpg,3,Hana|Mitchell|Sakura,UNABLE_TO_DETERMINE,2,MAJORITY_2_OF_3,"{""BILATERAL_OR_MIDLINE"": 1, ""UNABLE_TO_DETERMINE"": 2}",0,0,1,2,0,0,0,3,back,3,"{""back"": 3}",distinct_landmarks,3,"{""distinct_landmarks"": 3}",3,3,0,0,3,False,False,skindeep_clinical_images,DLB_00012040.jpg,skindeep_clinical_images,Skin Deep: Paediatric Dermatology Image Resource,Skin Deep,True,False,False,True,False,BILATERAL_OR_MIDLINE,CLINICAL_EXPERT,FINAL,YES,NO,SkinDeep prior adjudication incorporated.,,,,,,,
DLB_00012041,skindeep_clinical_images,images/DLB_00012041.jpg,3,Avery|Hana|Sakura,UNABLE_TO_DETERMINE,2,MAJORITY_2_OF_3,"{""BILATERAL_OR_MIDLINE"": 1, ""UNABLE_TO_DETERMINE"": 2}",0,0,1,2,0,0,0,1,unable_to_determine,2,"{""back"": 1, ""unable_to_determine"": 2}",no_landmarks,2,"{""distinct_landmarks"": 1, ""no_landmarks"": 2}",1,1,0,0,2,False,False,skindeep_clinical_images,DLB_00012041.jpg,skindeep_clinical_images,Skin Deep: Paediatric Dermatology Image Resource,Skin Deep,True,False,False,True,False,BILATERAL_OR_MIDLINE,AUTO_RULE_NONLR_ONLY_TO_BILATERAL_MIDLINE,FINAL,YES,NO,AUTO_RULE_ONLY_UTD_OR_BILATERAL_LABELS,,,,,,,
DLB_00012042,skindeep_clinical_images,images/DLB_00012042.jpg,3,Avery|Mitchell|Sakura,RIGHT,3,FULL_AGREEMENT,"{""RIGHT"": 3}",0,3,0,0,0,0,3,2,multiple,1,"{""multiple"": 1, ""other"": 1, ""upper_arm"": 1}",distinct_landmarks,3,"{""distinct_landmarks"": 3}",3,3,1,0,3,True,False,skindeep_clinical_images,DLB_00012042.jpg,skindeep_clinical_images,Skin Deep: Paediatric Dermatology Image Resource,Skin Deep,True,False,False,False,False,RIGHT,MAJORITY_OR_FULL_CONSENSUS,FINAL,YES,YES,,,,,,,,
DLB_00012043,skindeep_clinical_images,images/DLB_00012043.jpg,3,Avery|Hana|Mitchell,RIGHT,3,FULL_AGREEMENT,"{""RIGHT"": 3}",0,3,0,0,0,0,3,3,back,2,"{""back"": 2, ""multiple"": 1}",distinct_landmarks,3,"{""distinct_landmarks"": 3}",3,3,2,0,3,True,False,skindeep_clinical_images,DLB_00012043.jpg,skindeep_clinical_images,Skin Deep: Paediatric Dermatology Image Resource,Skin Deep,True,False,False,False,False,RIGHT,MAJORITY_OR_FULL_CONSENSUS,FINAL,YES,YES,,,,,,,,
DLB_00012044,skindeep_clinical_images,images/DLB_00012044.jpg,3,Hana|Mitchell|Sakura,RIGHT,2,MAJORITY_2_OF_3,"{""LEFT"": 1, ""RIGHT"": 2}",1,2,0,0,0,0,3,2,forearm,3,"{""forearm"": 3}",distinct_landmarks,2,"{""distinct_landmarks"": 2, ""limited_landmarks"": 1}",2,3,0,0,3,True,True,skindeep_clinical_images,DLB_00012044.jpg,skindeep_clinical_images,Skin Deep: Paediatric Dermatology Image Resource,Skin Deep,True,True,False,False,True,RIGHT,CLINICAL_EXPERT,FINAL,YES,YES,SkinDeep prior adjudication incorporated.,,,,,,,
DLB_00012045,skindeep_clinical_images,images/DLB_00012045.jpg,3,Avery|Hana|Sakura,UNABLE_TO_DETERMINE,2,MAJORITY_2_OF_3,"{""BILATERAL_OR_MIDLINE"": 1, ""UNABLE_TO_DETERMINE"": 2}",0,0,1,2,0,0,0,3,lower_leg,2,"{""lower_leg"": 2, ""multiple"": 1}",distinct_landmarks,3,"{""distinct_landmarks"": 3}",3,3,2,0,3,False,False,skindeep_clinical_images,DLB_00012045.jpg,skindeep_clinical_images,Skin Deep: Paediatric Dermatology Image Resource,Skin Deep,True,False,False,True,False,BILATERAL_OR_MIDLINE,CLINICAL_EXPERT,FINAL,YES,NO,SkinDeep prior adjudication incorporated.,,,,,,,
DLB_00012046,skindeep_clinical_images,images/DLB_00012046.jpg,3,Avery|Mitchell|Sakura,RIGHT,3,FULL_AGREEMENT,"{""RIGHT"": 3}",0,3,0,0,0,0,3,3,hand,3,"{""hand"": 3}",distinct_landmarks,3,"{""distinct_landmarks"": 3}",3,3,0,0,3,True,True,skindeep_clinical_images,DLB_00012046.jpg,skindeep_clinical_images,Skin Deep: Paediatric Dermatology Image Resource,Skin Deep,True,False,False,False,False,RIGHT,MAJORITY_OR_FULL_CONSENSUS,FINAL,YES,YES,,,,,,,,
DLB_00012047,skindeep_clinical_images,images/DLB_00012047.jpg,3,Avery|Hana|Mitchell,RIGHT,3,FULL_AGREEMENT,"{""RIGHT"": 3}",0,3,0,0,0,0,3,3,neck,3,"{""neck"": 3}",distinct_landmarks,3,"{""distinct_landmarks"": 3}",3,3,3,0,3,True,False,skindeep_clinical_images,DLB_00012047.jpg,skindeep_clinical_images,Skin Deep: Paediatric Dermatology Image Resource,Skin Deep,True,False,False,False,False,RIGHT,MAJORITY_OR_FULL_CONSENSUS,FINAL,YES,YES,,,,,,,,
DLB_00012048,skindeep_clinical_images,images/DLB_00012048.jpg,3,Hana|Mitchell|Sakura,LEFT,3,FULL_AGREEMENT,"{""LEFT"": 3}",3,0,0,0,0,0,3,3,chest,3,"{""chest"": 3}",distinct_landmarks,3,"{""distinct_landmarks"": 3}",3,3,1,0,3,True,False,skindeep_clinical_images,DLB_00012048.jpg,skindeep_clinical_images,Skin Deep: Paediatric Dermatology Image Resource,Skin Deep,True,False,False,False,False,LEFT,MAJORITY_OR_FULL_CONSENSUS,FINAL,YES,YES,,,,,,,,
DLB_00012049,skindeep_clinical_images,images/DLB_00012049.jpg,3,Avery|Hana|Sakura,RIGHT,3,FULL_AGREEMENT,"{""RIGHT"": 3}",0,3,0,0,0,0,3,3,forearm,2,"{""forearm"": 2, ""other"": 1}",distinct_landmarks,3,"{""distinct_landmarks"": 3}",3,3,1,0,3,True,False,skindeep_clinical_images,DLB_00012049.jpg,skindeep_clinical_images,Skin Deep: Paediatric Dermatology Image Resource,Skin Deep,True,False,False,False,False,RIGHT,CLINICAL_EXPERT,FINAL,YES,YES,SkinDeep prior adjudication incorporated.,,,,,,,
DLB_00012050,skindeep_clinical_images,images/DLB_00012050.jpg,3,Avery|Mitchell|Sakura,LEFT,2,MAJORITY_2_OF_3,"{""LEFT"": 2, ""RIGHT"": 1}",2,1,0,0,0,0,3,3,upper_arm,2,"{""multiple"": 1, ""upper_arm"": 2}",distinct_landmarks,3,"{""distinct_landmarks"": 3}",3,3,0,0,3,True,True,skindeep_clinical_images,DLB_00012050.jpg,skindeep_clinical_images,Skin Deep: Paediatric Dermatology Image Resource,Skin Deep,True,True,False,False,True,LEFT,CLINICAL_EXPERT,FINAL,YES,YES,SkinDeep prior adjudication incorporated.,,,,,,,
DLB_00012051,skindeep_clinical_images,images/DLB_00012051.jpg,3,Avery|Hana|Mitchell,BILATERAL_OR_MIDLINE,2,MAJORITY_2_OF_3,"{""BILATERAL_OR_MIDLINE"": 2, ""UNABLE_TO_DETERMINE"": 1}",0,0,2,1,0,0,0,3,back,3,"{""back"": 3}",distinct_landmarks,3,"{""distinct_landmarks"": 3}",3,3,2,0,3,False,False,skindeep_clinical_images,DLB_00012051.jpg,skindeep_clinical_images,Skin Deep: Paediatric Dermatology Image Resource,Skin Deep,True,False,False,True,False,BILATERAL_OR_MIDLINE,AUTO_RULE_NONLR_ONLY_TO_BILATERAL_MIDLINE,FINAL,YES,NO,AUTO_RULE_ONLY_UTD_OR_BILATERAL_LABELS,,,,,,,
DLB_00012052,skindeep_clinical_images,images/DLB_00012052.jpg,3,Hana|Mitchell|Sakura,RIGHT,3,FULL_AGREEMENT,"{""RIGHT"": 3}",0,3,0,0,0,0,3,3,scalp,3,"{""scalp"": 3}",distinct_landmarks,3,"{""distinct_landmarks"": 3}",3,3,1,0,3,True,False,skindeep_clinical_images,DLB_00012052.jpg,skindeep_clinical_images,Skin Deep: Paediatric Dermatology Image Resource,Skin Deep,True,False,False,False,False,RIGHT,MAJORITY_OR_FULL_CONSENSUS,FINAL,YES,YES,,,,,,,,
DLB_00012053,skindeep_clinical_images,images/DLB_00012053.jpg,3,Avery|Hana|Sakura,UNABLE_TO_DETERMINE,3,FULL_AGREEMENT,"{""UNABLE_TO_DETERMINE"": 3}",0,0,0,3,0,0,0,0,unable_to_determine,3,"{""unable_to_determine"": 3}",no_landmarks,3,"{""no_landmarks"": 3}",0,0,1,0,2,False,False,skindeep_clinical_images,DLB_00012053.jpg,skindeep_clinical_images,Skin Deep: Paediatric Dermatology Image Resource,Skin Deep,True,False,False,False,False,UNABLE_TO_DETERMINE,MAJORITY_OR_FULL_CONSENSUS,FINAL,YES,NO,,,,,,,,
DLB_00012054,skindeep_clinical_images,images/DLB_00012054.jpg,3,Avery|Mitchell|Sakura,RIGHT,3,FULL_AGREEMENT,"{""RIGHT"": 3}",0,3,0,0,0,0,3,3,finger,3,"{""finger"": 3}",distinct_landmarks,3,"{""distinct_landmarks"": 3}",3,3,1,0,3,True,False,skindeep_clinical_images,DLB_00012054.jpg,skindeep_clinical_images,Skin Deep: Paediatric Dermatology Image Resource,Skin Deep,True,False,False,False,False,RIGHT,MAJORITY_OR_FULL_CONSENSUS,FINAL,YES,YES,,,,,,,,
DLB_00012055,skindeep_clinical_images,images/DLB_00012055.jpg,3,Avery|Hana|Mitchell,BILATERAL_OR_MIDLINE,3,FULL_AGREEMENT,"{""BILATERAL_OR_MIDLINE"": 3}",0,0,3,0,0,0,0,3,scalp,3,"{""scalp"": 3}",distinct_landmarks,3,"{""distinct_landmarks"": 3}",3,3,1,0,3,False,False,skindeep_clinical_images,DLB_00012055.jpg,skindeep_clinical_images,Skin Deep: Paediatric Dermatology Image Resource,Skin Deep,True,False,False,False,False,BILATERAL_OR_MIDLINE,MAJORITY_OR_FULL_CONSENSUS,FINAL,YES,NO,,,,,,,,
DLB_00012056,skindeep_clinical_images,images/DLB_00012056.jpg,3,Hana|Mitchell|Sakura,LEFT,3,FULL_AGREEMENT,"{""LEFT"": 3}",3,0,0,0,0,0,3,3,face,3,"{""face"": 3}",distinct_landmarks,3,"{""distinct_landmarks"": 3}",3,3,0,0,3,True,True,skindeep_clinical_images,DLB_00012056.jpg,skindeep_clinical_images,Skin Deep: Paediatric Dermatology Image Resource,Skin Deep,True,False,False,False,False,LEFT,MAJORITY_OR_FULL_CONSENSUS,FINAL,YES,YES,,,,,,,,
DLB_00012057,skindeep_clinical_images,images/DLB_00012057.jpg,3,Avery|Hana|Sakura,RIGHT,3,FULL_AGREEMENT,"{""RIGHT"": 3}",0,3,0,0,0,0,3,3,abdomen,3,"{""abdomen"": 3}",distinct_landmarks,3,"{""distinct_landmarks"": 3}",3,3,0,0,3,True,True,skindeep_clinical_images,DLB_00012057.jpg,skindeep_clinical_images,Skin Deep: Paediatric Dermatology Image Resource,Skin Deep,True,False,False,False,False,RIGHT,MAJORITY_OR_FULL_CONSENSUS,FINAL,YES,YES,,,,,,,,
DLB_00012058,skindeep_clinical_images,images/DLB_00012058.jpg,3,Avery|Mitchell|Sakura,UNABLE_TO_DETERMINE,2,MAJORITY_2_OF_3,"{""RIGHT"": 1, ""UNABLE_TO_DETERMINE"": 2}",0,1,0,2,0,0,1,1,knee,1,"{""knee"": 1, ""unable_to_determine"": 1, ""upper_arm"": 1}",distinct_landmarks,2,"{""distinct_landmarks"": 2, ""no_landmarks"": 1}",2,2,0,0,2,False,False,skindeep_clinical_images,DLB_00012058.jpg,skindeep_clinical_images,Skin Deep: Paediatric Dermatology Image Resource,Skin Deep,True,False,False,False,False,UNABLE_TO_DETERMINE,MAJORITY_OR_FULL_CONSENSUS,FINAL,YES,NO,,,,,,,,
DLB_00012059,skindeep_clinical_images,images/DLB_00012059.jpg,3,Avery|Hana|Mitchell,LEFT,3,FULL_AGREEMENT,"{""LEFT"": 3}",3,0,0,0,0,0,3,3,abdomen,3,"{""abdomen"": 3}",distinct_landmarks,3,"{""distinct_landmarks"": 3}",3,3,0,0,3,True,True,skindeep_clinical_images,DLB_00012059.jpg,skindeep_clinical_images,Skin Deep: Paediatric Dermatology Image Resource,Skin Deep,True,False,False,False,False,LEFT,MAJORITY_OR_FULL_CONSENSUS,FINAL,YES,YES,,,,,,,,
DLB_00012060,skindeep_clinical_images,images/DLB_00012060.jpg,3,Hana|Mitchell|Sakura,BILATERAL_OR_MIDLINE,3,FULL_AGREEMENT,"{""BILATERAL_OR_MIDLINE"": 3}",0,0,3,0,0,0,0,3,abdomen,3,"{""abdomen"": 3}",distinct_landmarks,3,"{""distinct_landmarks"": 3}",3,3,0,0,3,False,False,skindeep_clinical_images,DLB_00012060.jpg,skindeep_clinical_images,Skin Deep: Paediatric Dermatology Image Resource,Skin Deep,True,False,False,False,False,BILATERAL_OR_MIDLINE,MAJORITY_OR_FULL_CONSENSUS,FINAL,YES,NO,,,,,,,,
DLB_00012061,skindeep_clinical_images,images/DLB_00012061.jpg,3,Avery|Hana|Sakura,BILATERAL_OR_MIDLINE,3,FULL_AGREEMENT,"{""BILATERAL_OR_MIDLINE"": 3}",0,0,3,0,0,0,0,3,neck,2,"{""multiple"": 1, ""neck"": 2}",distinct_landmarks,3,"{""distinct_landmarks"": 3}",3,3,1,0,3,False,False,skindeep_clinical_images,DLB_00012061.jpg,skindeep_clinical_images,Skin Deep: Paediatric Dermatology Image Resource,Skin Deep,True,False,False,False,False,BILATERAL_OR_MIDLINE,MAJORITY_OR_FULL_CONSENSUS,FINAL,YES,NO,,,,,,,,
DLB_00012062,skindeep_clinical_images,images/DLB_00012062.jpg,3,Avery|Mitchell|Sakura,UNABLE_TO_DETERMINE,3,FULL_AGREEMENT,"{""UNABLE_TO_DETERMINE"": 3}",0,0,0,3,0,0,0,0,unable_to_determine,3,"{""unable_to_determine"": 3}",no_landmarks,3,"{""no_landmarks"": 3}",0,0,0,0,1,False,False,skindeep_clinical_images,DLB_00012062.jpg,skindeep_clinical_images,Skin Deep: Paediatric Dermatology Image Resource,Skin Deep,True,False,False,False,False,UNABLE_TO_DETERMINE,MAJORITY_OR_FULL_CONSENSUS,FINAL,YES,NO,,,,,,,,
DLB_00012063,skindeep_clinical_images,images/DLB_00012063.jpg,3,Avery|Hana|Mitchell,NO_MAJORITY,1,THREE_WAY_DISAGREEMENT,"{""BILATERAL_OR_MIDLINE"": 1, ""RIGHT"": 1, ""UNABLE_TO_DETERMINE"": 1}",0,1,1,1,0,0,1,3,face,3,"{""face"": 3}",distinct_landmarks,3,"{""distinct_landmarks"": 3}",3,3,0,0,3,False,False,skindeep_clinical_images,DLB_00012063.jpg,skindeep_clinical_images,Skin Deep: Paediatric Dermatology Image Resource,Skin Deep,True,False,True,False,True,BILATERAL_OR_MIDLINE,CLINICAL_EXPERT,FINAL,YES,NO,SkinDeep prior adjudication incorporated.,,,,,,,
DLB_00012064,skindeep_clinical_images,images/DLB_00012064.jpg,3,Hana|Mitchell|Sakura,LEFT,3,FULL_AGREEMENT,"{""LEFT"": 3}",3,0,0,0,0,0,3,3,forearm,2,"{""forearm"": 2, ""upper_arm"": 1}",distinct_landmarks,2,"{""distinct_landmarks"": 2, ""limited_landmarks"": 1}",2,3,0,0,3,True,True,skindeep_clinical_images,DLB_00012064.jpg,skindeep_clinical_images,Skin Deep: Paediatric Dermatology Image Resource,Skin Deep,True,False,False,False,False,LEFT,MAJORITY_OR_FULL_CONSENSUS,FINAL,YES,YES,,,,,,,,
DLB_00012065,skindeep_clinical_images,images/DLB_00012065.jpg,3,Avery|Hana|Sakura,LEFT,3,FULL_AGREEMENT,"{""LEFT"": 3}",3,0,0,0,0,0,3,3,neck,2,"{""multiple"": 1, ""neck"": 2}",distinct_landmarks,3,"{""distinct_landmarks"": 3}",3,3,0,0,3,True,True,skindeep_clinical_images,DLB_00012065.jpg,skindeep_clinical_images,Skin Deep: Paediatric Dermatology Image Resource,Skin Deep,True,False,False,False,False,LEFT,MAJORITY_OR_FULL_CONSENSUS,FINAL,YES,YES,,,,,,,,
DLB_00012066,skindeep_clinical_images,images/DLB_00012066.jpg,3,Avery|Mitchell|Sakura,UNABLE_TO_DETERMINE,3,FULL_AGREEMENT,"{""UNABLE_TO_DETERMINE"": 3}",0,0,0,3,0,0,0,0,unable_to_determine,3,"{""unable_to_determine"": 3}",no_landmarks,3,"{""no_landmarks"": 3}",0,0,0,0,1,False,False,skindeep_clinical_images,DLB_00012066.jpg,skindeep_clinical_images,Skin Deep: Paediatric Dermatology Image Resource,Skin Deep,True,False,False,False,False,UNABLE_TO_DETERMINE,MAJORITY_OR_FULL_CONSENSUS,FINAL,YES,NO,,,,,,,,
DLB_00012067,skindeep_clinical_images,images/DLB_00012067.jpg,3,Avery|Hana|Mitchell,UNABLE_TO_DETERMINE,3,FULL_AGREEMENT,"{""UNABLE_TO_DETERMINE"": 3}",0,0,0,3,0,0,0,0,forearm,2,"{""forearm"": 2, ""unable_to_determine"": 1}",limited_landmarks,2,"{""limited_landmarks"": 2, ""no_landmarks"": 1}",0,2,0,0,1,False,False,skindeep_clinical_images,DLB_00012067.jpg,skindeep_clinical_images,Skin Deep: Paediatric Dermatology Image Resource,Skin Deep,True,False,False,False,False,UNABLE_TO_DETERMINE,MAJORITY_OR_FULL_CONSENSUS,FINAL,YES,NO,,,,,,,,
DLB_00012068,skindeep_clinical_images,images/DLB_00012068.jpg,3,Hana|Mitchell|Sakura,BILATERAL_OR_MIDLINE,3,FULL_AGREEMENT,"{""BILATERAL_OR_MIDLINE"": 3}",0,0,3,0,0,0,0,3,scalp,3,"{""scalp"": 3}",distinct_landmarks,3,"{""distinct_landmarks"": 3}",3,3,0,0,3,False,False,skindeep_clinical_images,DLB_00012068.jpg,skindeep_clinical_images,Skin Deep: Paediatric Dermatology Image Resource,Skin Deep,True,False,False,False,False,BILATERAL_OR_MIDLINE,MAJORITY_OR_FULL_CONSENSUS,FINAL,YES,NO,,,,,,,,
DLB_00012069,skindeep_clinical_images,images/DLB_00012069.jpg,3,Avery|Hana|Sakura,BILATERAL_OR_MIDLINE,3,FULL_AGREEMENT,"{""BILATERAL_OR_MIDLINE"": 3}",0,0,3,0,0,0,0,3,scalp,3,"{""scalp"": 3}",distinct_landmarks,3,"{""distinct_landmarks"": 3}",3,3,0,0,3,False,False,skindeep_clinical_images,DLB_00012069.jpg,skindeep_clinical_images,Skin Deep: Paediatric Dermatology Image Resource,Skin Deep,True,False,False,False,False,BILATERAL_OR_MIDLINE,MAJORITY_OR_FULL_CONSENSUS,FINAL,YES,NO,,,,,,,,
DLB_00012070,skindeep_clinical_images,images/DLB_00012070.jpg,3,Avery|Mitchell|Sakura,LEFT,3,FULL_AGREEMENT,"{""LEFT"": 3}",3,0,0,0,0,0,3,3,buttock,3,"{""buttock"": 3}",distinct_landmarks,3,"{""distinct_landmarks"": 3}",3,3,2,0,3,True,False,skindeep_clinical_images,DLB_00012070.jpg,skindeep_clinical_images,Skin Deep: Paediatric Dermatology Image Resource,Skin Deep,True,False,False,False,False,LEFT,MAJORITY_OR_FULL_CONSENSUS,FINAL,YES,YES,,,,,,,,
DLB_00012071,skindeep_clinical_images,images/DLB_00012071.jpg,3,Avery|Hana|Mitchell,BILATERAL_OR_MIDLINE,3,FULL_AGREEMENT,"{""BILATERAL_OR_MIDLINE"": 3}",0,0,3,0,0,0,0,3,face,3,"{""face"": 3}",distinct_landmarks,3,"{""distinct_landmarks"": 3}",3,3,2,0,3,False,False,skindeep_clinical_images,DLB_00012071.jpg,skindeep_clinical_images,Skin Deep: Paediatric Dermatology Image Resource,Skin Deep,True,False,False,False,False,BILATERAL_OR_MIDLINE,MAJORITY_OR_FULL_CONSENSUS,FINAL,YES,NO,,,,,,,,
DLB_00012072,skindeep_clinical_images,images/DLB_00012072.jpg,3,Hana|Mitchell|Sakura,BILATERAL_OR_MIDLINE,2,MAJORITY_2_OF_3,"{""BILATERAL_OR_MIDLINE"": 2, ""RIGHT"": 1}",0,1,2,0,0,0,1,3,face,2,"{""chest"": 1, ""face"": 2}",distinct_landmarks,3,"{""distinct_landmarks"": 3}",3,3,1,0,3,False,False,skindeep_clinical_images,DLB_00012072.jpg,skindeep_clinical_images,Skin Deep: Paediatric Dermatology Image Resource,Skin Deep,True,False,False,False,False,BILATERAL_OR_MIDLINE,MAJORITY_OR_FULL_CONSENSUS,FINAL,YES,NO,,,,,,,,
DLB_00012073,skindeep_clinical_images,images/DLB_00012073.jpg,3,Avery|Hana|Sakura,UNABLE_TO_DETERMINE,2,MAJORITY_2_OF_3,"{""RIGHT"": 1, ""UNABLE_TO_DETERMINE"": 2}",0,1,0,2,0,0,1,1,upper_arm,2,"{""unable_to_determine"": 1, ""upper_arm"": 2}",no_landmarks,1,"{""distinct_landmarks"": 1, ""limited_landmarks"": 1, ""no_landmarks"": 1}",1,2,0,0,2,False,False,skindeep_clinical_images,DLB_00012073.jpg,skindeep_clinical_images,Skin Deep: Paediatric Dermatology Image Resource,Skin Deep,True,False,False,False,False,UNABLE_TO_DETERMINE,MAJORITY_OR_FULL_CONSENSUS,FINAL,YES,NO,,,,,,,,
DLB_00012074,skindeep_clinical_images,images/DLB_00012074.jpg,3,Avery|Mitchell|Sakura,BILATERAL_OR_MIDLINE,2,MAJORITY_2_OF_3,"{""BILATERAL_OR_MIDLINE"": 2, ""UNABLE_TO_DETERMINE"": 1}",0,0,2,1,0,0,0,3,chest,2,"{""chest"": 2, ""multiple"": 1}",distinct_landmarks,3,"{""distinct_landmarks"": 3}",3,3,3,0,3,False,False,skindeep_clinical_images,DLB_00012074.jpg,skindeep_clinical_images,Skin Deep: Paediatric Dermatology Image Resource,Skin Deep,True,False,False,True,False,BILATERAL_OR_MIDLINE,AUTO_RULE_NONLR_ONLY_TO_BILATERAL_MIDLINE,FINAL,YES,NO,AUTO_RULE_ONLY_UTD_OR_BILATERAL_LABELS,,,,,,,
DLB_00012075,skindeep_clinical_images,images/DLB_00012075.jpg,3,Avery|Hana|Mitchell,LEFT,3,FULL_AGREEMENT,"{""LEFT"": 3}",3,0,0,0,0,0,3,3,hand,3,"{""hand"": 3}",distinct_landmarks,3,"{""distinct_landmarks"": 3}",3,3,1,0,3,True,False,skindeep_clinical_images,DLB_00012075.jpg,skindeep_clinical_images,Skin Deep: Paediatric Dermatology Image Resource,Skin Deep,True,False,False,False,False,LEFT,MAJORITY_OR_FULL_CONSENSUS,FINAL,YES,YES,,,,,,,,
DLB_00012076,skindeep_clinical_images,images/DLB_00012076.jpg,3,Hana|Mitchell|Sakura,UNABLE_TO_DETERMINE,2,MAJORITY_2_OF_3,"{""BILATERAL_OR_MIDLINE"": 1, ""UNABLE_TO_DETERMINE"": 2}",0,0,1,2,0,0,0,3,face,3,"{""face"": 3}",distinct_landmarks,3,"{""distinct_landmarks"": 3}",3,3,0,0,3,False,False,skindeep_clinical_images,DLB_00012076.jpg,skindeep_clinical_images,Skin Deep: Paediatric Dermatology Image Resource,Skin Deep,True,False,False,True,False,BILATERAL_OR_MIDLINE,CLINICAL_EXPERT,FINAL,YES,NO,SkinDeep prior adjudication incorporated.,,,,,,,
DLB_00012077,skindeep_clinical_images,images/DLB_00012077.jpg,3,Avery|Hana|Sakura,UNABLE_TO_DETERMINE,2,MAJORITY_2_OF_3,"{""BILATERAL_OR_MIDLINE"": 1, ""UNABLE_TO_DETERMINE"": 2}",0,0,1,2,0,0,0,2,back,2,"{""back"": 2, ""unable_to_determine"": 1}",distinct_landmarks,2,"{""distinct_landmarks"": 2, ""no_landmarks"": 1}",2,2,1,0,3,False,False,skindeep_clinical_images,DLB_00012077.jpg,skindeep_clinical_images,Skin Deep: Paediatric Dermatology Image Resource,Skin Deep,True,False,False,True,False,BILATERAL_OR_MIDLINE,CLINICAL_EXPERT,FINAL,YES,NO,BILATERAL_OR_MIDLINE_ANATOMY,,,,,,,
DLB_00012078,skindeep_clinical_images,images/DLB_00012078.jpg,3,Avery|Mitchell|Sakura,LEFT,3,FULL_AGREEMENT,"{""LEFT"": 3}",3,0,0,0,0,0,3,3,lower_leg,3,"{""lower_leg"": 3}",distinct_landmarks,3,"{""distinct_landmarks"": 3}",3,3,2,0,3,True,False,skindeep_clinical_images,DLB_00012078.jpg,skindeep_clinical_images,Skin Deep: Paediatric Dermatology Image Resource,Skin Deep,True,False,False,False,False,LEFT,MAJORITY_OR_FULL_CONSENSUS,FINAL,YES,YES,,,,,,,,
DLB_00012079,skindeep_clinical_images,images/DLB_00012079.jpg,3,Avery|Hana|Mitchell,RIGHT,3,FULL_AGREEMENT,"{""RIGHT"": 3}",0,3,0,0,0,0,3,3,neck,2,"{""chest"": 1, ""neck"": 2}",distinct_landmarks,3,"{""distinct_landmarks"": 3}",3,3,2,0,3,True,False,skindeep_clinical_images,DLB_00012079.jpg,skindeep_clinical_images,Skin Deep: Paediatric Dermatology Image Resource,Skin Deep,True,False,False,False,False,RIGHT,MAJORITY_OR_FULL_CONSENSUS,FINAL,YES,YES,,,,,,,,
DLB_00012080,skindeep_clinical_images,images/DLB_00012080.jpg,3,Hana|Mitchell|Sakura,UNABLE_TO_DETERMINE,2,MAJORITY_2_OF_3,"{""BILATERAL_OR_MIDLINE"": 1, ""UNABLE_TO_DETERMINE"": 2}",0,0,1,2,0,0,0,3,foot,3,"{""foot"": 3}",distinct_landmarks,3,"{""distinct_landmarks"": 3}",3,3,2,0,3,False,False,skindeep_clinical_images,DLB_00012080.jpg,skindeep_clinical_images,Skin Deep: Paediatric Dermatology Image Resource,Skin Deep,True,False,False,True,False,BILATERAL_OR_MIDLINE,CLINICAL_EXPERT,FINAL,YES,NO,SkinDeep prior adjudication incorporated.,,,,,,,
DLB_00012081,skindeep_clinical_images,images/DLB_00012081.jpg,3,Avery|Hana|Sakura,RIGHT,3,FULL_AGREEMENT,"{""RIGHT"": 3}",0,3,0,0,0,0,3,3,upper_arm,2,"{""multiple"": 1, ""upper_arm"": 2}",distinct_landmarks,3,"{""distinct_landmarks"": 3}",3,3,1,0,3,True,False,skindeep_clinical_images,DLB_00012081.jpg,skindeep_clinical_images,Skin Deep: Paediatric Dermatology Image Resource,Skin Deep,True,False,False,False,False,RIGHT,MAJORITY_OR_FULL_CONSENSUS,FINAL,YES,YES,,,,,,,,
DLB_00012082,skindeep_clinical_images,images/DLB_00012082.jpg,3,Avery|Mitchell|Sakura,RIGHT,2,MAJORITY_2_OF_3,"{""RIGHT"": 2, ""UNABLE_TO_DETERMINE"": 1}",0,2,0,1,0,0,2,2,forearm,2,"{""forearm"": 2, ""multiple"": 1}",distinct_landmarks,2,"{""distinct_landmarks"": 2, ""no_landmarks"": 1}",2,2,0,0,2,True,True,skindeep_clinical_images,DLB_00012082.jpg,skindeep_clinical_images,Skin Deep: Paediatric Dermatology Image Resource,Skin Deep,True,False,False,False,False,RIGHT,CLINICAL_EXPERT,FINAL,YES,YES,ANATOMIC_LANDMARK_SUPPORTS_RIGHT,,,,,,,
DLB_00012083,skindeep_clinical_images,images/DLB_00012083.jpg,3,Avery|Hana|Mitchell,LEFT,2,MAJORITY_2_OF_3,"{""LEFT"": 2, ""UNABLE_TO_DETERMINE"": 1}",2,0,0,1,0,0,2,1,upper_arm,2,"{""knee"": 1, ""upper_arm"": 2}",distinct_landmarks,2,"{""distinct_landmarks"": 2, ""limited_landmarks"": 1}",2,3,2,0,3,False,False,skindeep_clinical_images,DLB_00012083.jpg,skindeep_clinical_images,Skin Deep: Paediatric Dermatology Image Resource,Skin Deep,True,False,False,False,False,LEFT,MAJORITY_OR_FULL_CONSENSUS,FINAL,YES,NO,,,,,,,,
DLB_00012084,skindeep_clinical_images,images/DLB_00012084.jpg,3,Hana|Mitchell|Sakura,RIGHT,3,FULL_AGREEMENT,"{""RIGHT"": 3}",0,3,0,0,0,0,3,3,foot,2,"{""foot"": 2, ""toe"": 1}",distinct_landmarks,3,"{""distinct_landmarks"": 3}",3,3,0,0,3,True,True,skindeep_clinical_images,DLB_00012084.jpg,skindeep_clinical_images,Skin Deep: Paediatric Dermatology Image Resource,Skin Deep,True,False,False,False,False,RIGHT,MAJORITY_OR_FULL_CONSENSUS,FINAL,YES,YES,,,,,,,,
DLB_00012085,skindeep_clinical_images,images/DLB_00012085.jpg,3,Avery|Hana|Sakura,BILATERAL_OR_MIDLINE,2,MAJORITY_2_OF_3,"{""BILATERAL_OR_MIDLINE"": 2, ""UNABLE_TO_DETERMINE"": 1}",0,0,2,1,0,0,0,3,neck,2,"{""multiple"": 1, ""neck"": 2}",distinct_landmarks,3,"{""distinct_landmarks"": 3}",3,3,3,0,3,False,False,skindeep_clinical_images,DLB_00012085.jpg,skindeep_clinical_images,Skin Deep: Paediatric Dermatology Image Resource,Skin Deep,True,False,False,True,False,BILATERAL_OR_MIDLINE,AUTO_RULE_NONLR_ONLY_TO_BILATERAL_MIDLINE,FINAL,YES,NO,AUTO_RULE_ONLY_UTD_OR_BILATERAL_LABELS,,,,,,,
DLB_00012086,skindeep_clinical_images,images/DLB_00012086.jpg,3,Avery|Mitchell|Sakura,BILATERAL_OR_MIDLINE,2,MAJORITY_2_OF_3,"{""BILATERAL_OR_MIDLINE"": 2, ""UNABLE_TO_DETERMINE"": 1}",0,0,2,1,0,0,0,2,foot,3,"{""foot"": 3}",distinct_landmarks,3,"{""distinct_landmarks"": 3}",3,3,1,0,3,False,False,skindeep_clinical_images,DLB_00012086.jpg,skindeep_clinical_images,Skin Deep: Paediatric Dermatology Image Resource,Skin Deep,True,False,False,True,False,BILATERAL_OR_MIDLINE,AUTO_RULE_NONLR_ONLY_TO_BILATERAL_MIDLINE,FINAL,YES,NO,AUTO_RULE_ONLY_UTD_OR_BILATERAL_LABELS,,,,,,,
DLB_00012087,skindeep_clinical_images,images/DLB_00012087.jpg,3,Avery|Hana|Mitchell,UNABLE_TO_DETERMINE,3,FULL_AGREEMENT,"{""UNABLE_TO_DETERMINE"": 3}",0,0,0,3,0,0,0,0,unable_to_determine,2,"{""forearm"": 1, ""unable_to_determine"": 2}",no_landmarks,2,"{""limited_landmarks"": 1, ""no_landmarks"": 2}",0,1,0,0,1,False,False,skindeep_clinical_images,DLB_00012087.jpg,skindeep_clinical_images,Skin Deep: Paediatric Dermatology Image Resource,Skin Deep,True,False,False,False,False,UNABLE_TO_DETERMINE,MAJORITY_OR_FULL_CONSENSUS,FINAL,YES,NO,,,,,,,,
DLB_00012088,skindeep_clinical_images,images/DLB_00012088.jpg,3,Hana|Mitchell|Sakura,LEFT,2,MAJORITY_2_OF_3,"{""BILATERAL_OR_MIDLINE"": 1, ""LEFT"": 2}",2,0,1,0,0,0,2,3,scalp,3,"{""scalp"": 3}",distinct_landmarks,3,"{""distinct_landmarks"": 3}",3,3,3,0,3,True,False,skindeep_clinical_images,DLB_00012088.jpg,skindeep_clinical_images,Skin Deep: Paediatric Dermatology Image Resource,Skin Deep,True,False,False,False,False,LEFT,MAJORITY_OR_FULL_CONSENSUS,FINAL,YES,YES,,,,,,,,
DLB_00012089,skindeep_clinical_images,images/DLB_00012089.jpg,3,Avery|Hana|Sakura,LEFT,3,FULL_AGREEMENT,"{""LEFT"": 3}",3,0,0,0,0,0,3,3,foot,3,"{""foot"": 3}",distinct_landmarks,3,"{""distinct_landmarks"": 3}",3,3,0,0,3,True,True,skindeep_clinical_images,DLB_00012089.jpg,skindeep_clinical_images,Skin Deep: Paediatric Dermatology Image Resource,Skin Deep,True,False,False,False,False,LEFT,MAJORITY_OR_FULL_CONSENSUS,FINAL,YES,YES,,,,,,,,
DLB_00012090,skindeep_clinical_images,images/DLB_00012090.jpg,3,Avery|Mitchell|Sakura,BILATERAL_OR_MIDLINE,2,MAJORITY_2_OF_3,"{""BILATERAL_OR_MIDLINE"": 2, ""UNABLE_TO_DETERMINE"": 1}",0,0,2,1,0,0,0,3,back,3,"{""back"": 3}",distinct_landmarks,3,"{""distinct_landmarks"": 3}",3,3,0,0,3,False,False,skindeep_clinical_images,DLB_00012090.jpg,skindeep_clinical_images,Skin Deep: Paediatric Dermatology Image Resource,Skin Deep,True,False,False,True,False,BILATERAL_OR_MIDLINE,AUTO_RULE_NONLR_ONLY_TO_BILATERAL_MIDLINE,FINAL,YES,NO,AUTO_RULE_ONLY_UTD_OR_BILATERAL_LABELS,,,,,,,
DLB_00012091,skindeep_clinical_images,images/DLB_00012091.jpg,3,Avery|Hana|Mitchell,BILATERAL_OR_MIDLINE,2,MAJORITY_2_OF_3,"{""BILATERAL_OR_MIDLINE"": 2, ""UNABLE_TO_DETERMINE"": 1}",0,0,2,1,0,0,0,3,abdomen,3,"{""abdomen"": 3}",distinct_landmarks,3,"{""distinct_landmarks"": 3}",3,3,0,0,3,False,False,skindeep_clinical_images,DLB_00012091.jpg,skindeep_clinical_images,Skin Deep: Paediatric Dermatology Image Resource,Skin Deep,True,False,False,True,False,BILATERAL_OR_MIDLINE,AUTO_RULE_NONLR_ONLY_TO_BILATERAL_MIDLINE,FINAL,YES,NO,AUTO_RULE_ONLY_UTD_OR_BILATERAL_LABELS,,,,,,,
DLB_00012092,skindeep_clinical_images,images/DLB_00012092.jpg,3,Hana|Mitchell|Sakura,RIGHT,3,FULL_AGREEMENT,"{""RIGHT"": 3}",0,3,0,0,0,0,3,3,face,2,"{""face"": 2, ""other"": 1}",distinct_landmarks,3,"{""distinct_landmarks"": 3}",3,3,2,0,3,True,False,skindeep_clinical_images,DLB_00012092.jpg,skindeep_clinical_images,Skin Deep: Paediatric Dermatology Image Resource,Skin Deep,True,False,False,False,False,RIGHT,MAJORITY_OR_FULL_CONSENSUS,FINAL,YES,YES,,,,,,,,
DLB_00012093,skindeep_clinical_images,images/DLB_00012093.jpg,3,Avery|Hana|Sakura,UNABLE_TO_DETERMINE,2,MAJORITY_2_OF_3,"{""BILATERAL_OR_MIDLINE"": 1, ""UNABLE_TO_DETERMINE"": 2}",0,0,1,2,0,0,0,3,lower_leg,3,"{""lower_leg"": 3}",distinct_landmarks,3,"{""distinct_landmarks"": 3}",3,3,2,0,3,False,False,skindeep_clinical_images,DLB_00012093.jpg,skindeep_clinical_images,Skin Deep: Paediatric Dermatology Image Resource,Skin Deep,True,False,False,True,False,BILATERAL_OR_MIDLINE,CLINICAL_EXPERT,FINAL,YES,NO,BILATERAL_OR_MIDLINE_ANATOMY,,,,,,,
DLB_00012094,skindeep_clinical_images,images/DLB_00012094.jpg,3,Avery|Mitchell|Sakura,LEFT,3,FULL_AGREEMENT,"{""LEFT"": 3}",3,0,0,0,0,0,3,3,face,3,"{""face"": 3}",distinct_landmarks,3,"{""distinct_landmarks"": 3}",3,3,0,0,3,True,True,skindeep_clinical_images,DLB_00012094.jpg,skindeep_clinical_images,Skin Deep: Paediatric Dermatology Image Resource,Skin Deep,True,False,False,False,False,LEFT,MAJORITY_OR_FULL_CONSENSUS,FINAL,YES,YES,,,,,,,,
DLB_00012095,skindeep_clinical_images,images/DLB_00012095.jpg,3,Avery|Hana|Mitchell,RIGHT,3,FULL_AGREEMENT,"{""RIGHT"": 3}",0,3,0,0,0,0,3,3,multiple,1,"{""chest"": 1, ""multiple"": 1, ""neck"": 1}",distinct_landmarks,3,"{""distinct_landmarks"": 3}",3,3,1,0,3,True,False,skindeep_clinical_images,DLB_00012095.jpg,skindeep_clinical_images,Skin Deep: Paediatric Dermatology Image Resource,Skin Deep,True,False,False,False,False,RIGHT,MAJORITY_OR_FULL_CONSENSUS,FINAL,YES,YES,,,,,,,,
DLB_00012096,skindeep_clinical_images,images/DLB_00012096.jpg,3,Hana|Mitchell|Sakura,UNABLE_TO_DETERMINE,3,FULL_AGREEMENT,"{""UNABLE_TO_DETERMINE"": 3}",0,0,0,3,0,0,0,0,lower_leg,3,"{""lower_leg"": 3}",limited_landmarks,3,"{""limited_landmarks"": 3}",0,3,0,0,2,False,False,skindeep_clinical_images,DLB_00012096.jpg,skindeep_clinical_images,Skin Deep: Paediatric Dermatology Image Resource,Skin Deep,True,False,False,False,False,RIGHT,MANUAL_USER_CORRECTION,FINAL,YES,YES,Manual user correction: DLB_00012096 = RIGHT; body region lower_leg.,,lower_leg,,COMPLETE,,YES,
DLB_00012097,skindeep_clinical_images,images/DLB_00012097.jpg,3,Avery|Hana|Sakura,BILATERAL_OR_MIDLINE,2,MAJORITY_2_OF_3,"{""BILATERAL_OR_MIDLINE"": 2, ""UNABLE_TO_DETERMINE"": 1}",0,0,2,1,0,0,0,3,multiple,2,"{""face"": 1, ""multiple"": 2}",distinct_landmarks,3,"{""distinct_landmarks"": 3}",3,3,1,0,3,False,False,skindeep_clinical_images,DLB_00012097.jpg,skindeep_clinical_images,Skin Deep: Paediatric Dermatology Image Resource,Skin Deep,True,False,False,True,False,BILATERAL_OR_MIDLINE,AUTO_RULE_NONLR_ONLY_TO_BILATERAL_MIDLINE,FINAL,YES,NO,AUTO_RULE_ONLY_UTD_OR_BILATERAL_LABELS,,,,,,,
DLB_00012098,skindeep_clinical_images,images/DLB_00012098.jpg,3,Avery|Mitchell|Sakura,LEFT,3,FULL_AGREEMENT,"{""LEFT"": 3}",3,0,0,0,0,0,3,3,face,2,"{""face"": 2, ""multiple"": 1}",distinct_landmarks,3,"{""distinct_landmarks"": 3}",3,3,0,0,3,True,True,skindeep_clinical_images,DLB_00012098.jpg,skindeep_clinical_images,Skin Deep: Paediatric Dermatology Image Resource,Skin Deep,True,False,False,False,False,LEFT,MAJORITY_OR_FULL_CONSENSUS,FINAL,YES,YES,,,,,,,,
DLB_00012099,skindeep_clinical_images,images/DLB_00012099.jpg,3,Avery|Hana|Mitchell,BILATERAL_OR_MIDLINE,3,FULL_AGREEMENT,"{""BILATERAL_OR_MIDLINE"": 3}",0,0,3,0,0,0,0,2,abdomen,2,"{""abdomen"": 2, ""other"": 1}",distinct_landmarks,3,"{""distinct_landmarks"": 3}",3,3,0,0,3,False,False,skindeep_clinical_images,DLB_00012099.jpg,skindeep_clinical_images,Skin Deep: Paediatric Dermatology Image Resource,Skin Deep,True,False,False,False,False,BILATERAL_OR_MIDLINE,MAJORITY_OR_FULL_CONSENSUS,FINAL,YES,NO,,,,,,,,
DLB_00012100,skindeep_clinical_images,images/DLB_00012100.jpg,3,Hana|Mitchell|Sakura,BILATERAL_OR_MIDLINE,2,MAJORITY_2_OF_3,"{""BILATERAL_OR_MIDLINE"": 2, ""UNABLE_TO_DETERMINE"": 1}",0,0,2,1,0,0,0,3,abdomen,3,"{""abdomen"": 3}",distinct_landmarks,3,"{""distinct_landmarks"": 3}",3,3,1,0,3,False,False,skindeep_clinical_images,DLB_00012100.jpg,skindeep_clinical_images,Skin Deep: Paediatric Dermatology Image Resource,Skin Deep,True,False,False,True,False,BILATERAL_OR_MIDLINE,AUTO_RULE_NONLR_ONLY_TO_BILATERAL_MIDLINE,FINAL,YES,NO,AUTO_RULE_ONLY_UTD_OR_BILATERAL_LABELS,,,,,,,
DLB_00012101,skindeep_clinical_images,images/DLB_00012101.jpg,3,Avery|Hana|Sakura,BILATERAL_OR_MIDLINE,2,MAJORITY_2_OF_3,"{""BILATERAL_OR_MIDLINE"": 2, ""UNABLE_TO_DETERMINE"": 1}",0,0,2,1,0,0,0,3,neck,2,"{""multiple"": 1, ""neck"": 2}",distinct_landmarks,3,"{""distinct_landmarks"": 3}",3,3,0,0,3,False,False,skindeep_clinical_images,DLB_00012101.jpg,skindeep_clinical_images,Skin Deep: Paediatric Dermatology Image Resource,Skin Deep,True,False,False,True,False,BILATERAL_OR_MIDLINE,AUTO_RULE_NONLR_ONLY_TO_BILATERAL_MIDLINE,FINAL,YES,NO,AUTO_RULE_ONLY_UTD_OR_BILATERAL_LABELS,,,,,,,
DLB_00012102,skindeep_clinical_images,images/DLB_00012102.jpg,3,Avery|Mitchell|Sakura,LEFT,3,FULL_AGREEMENT,"{""LEFT"": 3}",3,0,0,0,0,0,3,3,finger,2,"{""finger"": 2, ""hand"": 1}",distinct_landmarks,3,"{""distinct_landmarks"": 3}",3,3,1,0,3,True,False,skindeep_clinical_images,DLB_00012102.jpg,skindeep_clinical_images,Skin Deep: Paediatric Dermatology Image Resource,Skin Deep,True,False,False,False,False,LEFT,MAJORITY_OR_FULL_CONSENSUS,FINAL,YES,YES,,,,,,,,
DLB_00012103,skindeep_clinical_images,images/DLB_00012103.jpg,3,Avery|Hana|Mitchell,UNABLE_TO_DETERMINE,2,MAJORITY_2_OF_3,"{""BILATERAL_OR_MIDLINE"": 1, ""UNABLE_TO_DETERMINE"": 2}",0,0,1,2,0,0,0,1,unable_to_determine,2,"{""other"": 1, ""unable_to_determine"": 2}",no_landmarks,2,"{""distinct_landmarks"": 1, ""no_landmarks"": 2}",1,1,2,0,2,False,False,skindeep_clinical_images,DLB_00012103.jpg,skindeep_clinical_images,Skin Deep: Paediatric Dermatology Image Resource,Skin Deep,True,False,False,True,False,BILATERAL_OR_MIDLINE,AUTO_RULE_NONLR_ONLY_TO_BILATERAL_MIDLINE,FINAL,YES,NO,AUTO_RULE_ONLY_UTD_OR_BILATERAL_LABELS,,,,,,,
DLB_00012104,skindeep_clinical_images,images/DLB_00012104.jpg,3,Hana|Mitchell|Sakura,UNABLE_TO_DETERMINE,3,FULL_AGREEMENT,"{""UNABLE_TO_DETERMINE"": 3}",0,0,0,3,0,0,0,0,unable_to_determine,3,"{""unable_to_determine"": 3}",no_landmarks,3,"{""no_landmarks"": 3}",0,0,2,0,2,False,False,skindeep_clinical_images,DLB_00012104.jpg,skindeep_clinical_images,Skin Deep: Paediatric Dermatology Image Resource,Skin Deep,True,False,False,False,False,UNABLE_TO_DETERMINE,MAJORITY_OR_FULL_CONSENSUS,FINAL,YES,NO,,,,,,,,
DLB_00012105,skindeep_clinical_images,images/DLB_00012105.jpg,3,Avery|Hana|Sakura,RIGHT,2,MAJORITY_2_OF_3,"{""RIGHT"": 2, ""UNABLE_TO_DETERMINE"": 1}",0,2,0,1,0,0,2,2,foot,2,"{""foot"": 2, ""unable_to_determine"": 1}",distinct_landmarks,1,"{""distinct_landmarks"": 1, ""limited_landmarks"": 1, ""no_landmarks"": 1}",1,2,0,0,3,False,False,skindeep_clinical_images,DLB_00012105.jpg,skindeep_clinical_images,Skin Deep: Paediatric Dermatology Image Resource,Skin Deep,True,False,False,False,False,UNABLE_TO_DETERMINE,CLINICAL_EXPERT,FINAL,YES,NO,CROP_TOO_LIMITED,,,,,,,
DLB_00012106,skindeep_clinical_images,images/DLB_00012106.jpg,3,Avery|Mitchell|Sakura,BILATERAL_OR_MIDLINE,3,FULL_AGREEMENT,"{""BILATERAL_OR_MIDLINE"": 3}",0,0,3,0,0,0,0,3,other,3,"{""other"": 3}",distinct_landmarks,3,"{""distinct_landmarks"": 3}",3,3,0,0,3,False,False,skindeep_clinical_images,DLB_00012106.jpg,skindeep_clinical_images,Skin Deep: Paediatric Dermatology Image Resource,Skin Deep,True,False,False,False,False,BILATERAL_OR_MIDLINE,MAJORITY_OR_FULL_CONSENSUS,FINAL,YES,NO,,,,,,,,
DLB_00012107,skindeep_clinical_images,images/DLB_00012107.jpg,3,Avery|Hana|Mitchell,LEFT,3,FULL_AGREEMENT,"{""LEFT"": 3}",3,0,0,0,0,0,3,3,upper_arm,2,"{""multiple"": 1, ""upper_arm"": 2}",distinct_landmarks,2,"{""distinct_landmarks"": 2, ""limited_landmarks"": 1}",2,3,0,0,3,True,True,skindeep_clinical_images,DLB_00012107.jpg,skindeep_clinical_images,Skin Deep: Paediatric Dermatology Image Resource,Skin Deep,True,False,False,False,False,LEFT,MAJORITY_OR_FULL_CONSENSUS,FINAL,YES,YES,,,,,,,,
DLB_00012108,skindeep_clinical_images,images/DLB_00012108.jpg,3,Hana|Mitchell|Sakura,RIGHT,3,FULL_AGREEMENT,"{""RIGHT"": 3}",0,3,0,0,0,0,3,3,foot,3,"{""foot"": 3}",distinct_landmarks,3,"{""distinct_landmarks"": 3}",3,3,0,0,3,True,True,skindeep_clinical_images,DLB_00012108.jpg,skindeep_clinical_images,Skin Deep: Paediatric Dermatology Image Resource,Skin Deep,True,False,False,False,False,RIGHT,MAJORITY_OR_FULL_CONSENSUS,FINAL,YES,YES,,,,,,,,
DLB_00012109,skindeep_clinical_images,images/DLB_00012109.jpg,3,Avery|Hana|Sakura,LEFT,3,FULL_AGREEMENT,"{""LEFT"": 3}",3,0,0,0,0,0,3,3,multiple,1,"{""chest"": 1, ""multiple"": 1, ""upper_arm"": 1}",limited_landmarks,2,"{""distinct_landmarks"": 1, ""limited_landmarks"": 2}",1,3,0,0,3,False,False,skindeep_clinical_images,DLB_00012109.jpg,skindeep_clinical_images,Skin Deep: Paediatric Dermatology Image Resource,Skin Deep,True,False,False,False,False,LEFT,MAJORITY_OR_FULL_CONSENSUS,FINAL,YES,NO,,,,,,,,
DLB_00012110,skindeep_clinical_images,images/DLB_00012110.jpg,3,Avery|Mitchell|Sakura,LEFT,3,FULL_AGREEMENT,"{""LEFT"": 3}",3,0,0,0,0,0,3,2,foot,3,"{""foot"": 3}",distinct_landmarks,2,"{""distinct_landmarks"": 2, ""limited_landmarks"": 1}",2,3,0,0,3,True,True,skindeep_clinical_images,DLB_00012110.jpg,skindeep_clinical_images,Skin Deep: Paediatric Dermatology Image Resource,Skin Deep,True,False,False,False,False,LEFT,MAJORITY_OR_FULL_CONSENSUS,FINAL,YES,YES,,,,,,,,
DLB_00012111,skindeep_clinical_images,images/DLB_00012111.jpg,3,Avery|Hana|Mitchell,BILATERAL_OR_MIDLINE,2,MAJORITY_2_OF_3,"{""BILATERAL_OR_MIDLINE"": 2, ""UNABLE_TO_DETERMINE"": 1}",0,0,2,1,0,0,0,3,face,3,"{""face"": 3}",distinct_landmarks,3,"{""distinct_landmarks"": 3}",3,3,0,0,3,False,False,skindeep_clinical_images,DLB_00012111.jpg,skindeep_clinical_images,Skin Deep: Paediatric Dermatology Image Resource,Skin Deep,True,False,False,True,False,BILATERAL_OR_MIDLINE,AUTO_RULE_NONLR_ONLY_TO_BILATERAL_MIDLINE,FINAL,YES,NO,AUTO_RULE_ONLY_UTD_OR_BILATERAL_LABELS,,,,,,,
DLB_00012112,skindeep_clinical_images,images/DLB_00012112.jpg,3,Hana|Mitchell|Sakura,UNABLE_TO_DETERMINE,3,FULL_AGREEMENT,"{""UNABLE_TO_DETERMINE"": 3}",0,0,0,3,0,0,0,0,unable_to_determine,3,"{""unable_to_determine"": 3}",no_landmarks,3,"{""no_landmarks"": 3}",0,0,0,0,2,False,False,skindeep_clinical_images,DLB_00012112.jpg,skindeep_clinical_images,Skin Deep: Paediatric Dermatology Image Resource,Skin Deep,True,False,False,False,False,UNABLE_TO_DETERMINE,MAJORITY_OR_FULL_CONSENSUS,FINAL,YES,NO,,,,,,,,
DLB_00012113,skindeep_clinical_images,images/DLB_00012113.jpg,3,Avery|Hana|Sakura,BILATERAL_OR_MIDLINE,2,MAJORITY_2_OF_3,"{""BILATERAL_OR_MIDLINE"": 2, ""UNABLE_TO_DETERMINE"": 1}",0,0,2,1,0,0,0,2,scalp,3,"{""scalp"": 3}",distinct_landmarks,3,"{""distinct_landmarks"": 3}",3,3,0,0,3,False,False,skindeep_clinical_images,DLB_00012113.jpg,skindeep_clinical_images,Skin Deep: Paediatric Dermatology Image Resource,Skin Deep,True,False,False,True,False,BILATERAL_OR_MIDLINE,AUTO_RULE_NONLR_ONLY_TO_BILATERAL_MIDLINE,FINAL,YES,NO,AUTO_RULE_ONLY_UTD_OR_BILATERAL_LABELS,,,,,,,
DLB_00012114,skindeep_clinical_images,images/DLB_00012114.jpg,3,Avery|Mitchell|Sakura,RIGHT,3,FULL_AGREEMENT,"{""RIGHT"": 3}",0,3,0,0,0,0,3,3,lower_leg,3,"{""lower_leg"": 3}",distinct_landmarks,3,"{""distinct_landmarks"": 3}",3,3,0,0,3,True,True,skindeep_clinical_images,DLB_00012114.jpg,skindeep_clinical_images,Skin Deep: Paediatric Dermatology Image Resource,Skin Deep,True,False,False,False,False,RIGHT,MAJORITY_OR_FULL_CONSENSUS,FINAL,YES,YES,,,,,,,,
DLB_00012115,skindeep_clinical_images,images/DLB_00012115.jpg,3,Avery|Hana|Mitchell,BILATERAL_OR_MIDLINE,3,FULL_AGREEMENT,"{""BILATERAL_OR_MIDLINE"": 3}",0,0,3,0,0,0,0,3,face,2,"{""face"": 2, ""scalp"": 1}",distinct_landmarks,3,"{""distinct_landmarks"": 3}",3,3,0,0,3,False,False,skindeep_clinical_images,DLB_00012115.jpg,skindeep_clinical_images,Skin Deep: Paediatric Dermatology Image Resource,Skin Deep,True,False,False,False,False,BILATERAL_OR_MIDLINE,MAJORITY_OR_FULL_CONSENSUS,FINAL,YES,NO,,,,,,,,
DLB_00012116,skindeep_clinical_images,images/DLB_00012116.jpg,3,Hana|Mitchell|Sakura,BILATERAL_OR_MIDLINE,3,FULL_AGREEMENT,"{""BILATERAL_OR_MIDLINE"": 3}",0,0,3,0,0,0,0,3,scalp,3,"{""scalp"": 3}",distinct_landmarks,3,"{""distinct_landmarks"": 3}",3,3,2,0,3,False,False,skindeep_clinical_images,DLB_00012116.jpg,skindeep_clinical_images,Skin Deep: Paediatric Dermatology Image Resource,Skin Deep,True,False,False,False,False,BILATERAL_OR_MIDLINE,MAJORITY_OR_FULL_CONSENSUS,FINAL,YES,NO,,,,,,,,
DLB_00012117,skindeep_clinical_images,images/DLB_00012117.jpg,3,Avery|Hana|Sakura,RIGHT,3,FULL_AGREEMENT,"{""RIGHT"": 3}",0,3,0,0,0,0,3,3,chest,2,"{""chest"": 2, ""multiple"": 1}",distinct_landmarks,3,"{""distinct_landmarks"": 3}",3,3,2,0,3,True,False,skindeep_clinical_images,DLB_00012117.jpg,skindeep_clinical_images,Skin Deep: Paediatric Dermatology Image Resource,Skin Deep,True,False,False,False,False,RIGHT,CLINICAL_EXPERT,FINAL,YES,NO,SkinDeep prior adjudication incorporated.,,,,,,,
DLB_00012118,skindeep_clinical_images,images/DLB_00012118.jpg,3,Avery|Mitchell|Sakura,UNABLE_TO_DETERMINE,3,FULL_AGREEMENT,"{""UNABLE_TO_DETERMINE"": 3}",0,0,0,3,0,0,0,0,unable_to_determine,2,"{""thigh"": 1, ""unable_to_determine"": 2}",no_landmarks,2,"{""limited_landmarks"": 1, ""no_landmarks"": 2}",0,1,0,0,1,False,False,skindeep_clinical_images,DLB_00012118.jpg,skindeep_clinical_images,Skin Deep: Paediatric Dermatology Image Resource,Skin Deep,True,False,False,False,False,UNABLE_TO_DETERMINE,MAJORITY_OR_FULL_CONSENSUS,FINAL,YES,NO,,,,,,,,
DLB_00012119,skindeep_clinical_images,images/DLB_00012119.jpg,3,Avery|Hana|Mitchell,UNABLE_TO_DETERMINE,2,MAJORITY_2_OF_3,"{""BILATERAL_OR_MIDLINE"": 1, ""UNABLE_TO_DETERMINE"": 2}",0,0,1,2,0,0,0,2,back,2,"{""back"": 2, ""unable_to_determine"": 1}",distinct_landmarks,2,"{""distinct_landmarks"": 2, ""no_landmarks"": 1}",2,2,0,0,2,False,False,skindeep_clinical_images,DLB_00012119.jpg,skindeep_clinical_images,Skin Deep: Paediatric Dermatology Image Resource,Skin Deep,True,False,False,True,False,BILATERAL_OR_MIDLINE,AUTO_RULE_NONLR_ONLY_TO_BILATERAL_MIDLINE,FINAL,YES,NO,AUTO_RULE_ONLY_UTD_OR_BILATERAL_LABELS,,,,,,,
DLB_00012120,skindeep_clinical_images,images/DLB_00012120.jpg,3,Hana|Mitchell|Sakura,LEFT,2,MAJORITY_2_OF_3,"{""LEFT"": 2, ""RIGHT"": 1}",2,1,0,0,0,0,3,3,lower_leg,2,"{""lower_leg"": 2, ""thigh"": 1}",distinct_landmarks,2,"{""distinct_landmarks"": 2, ""no_landmarks"": 1}",2,2,2,0,3,True,False,skindeep_clinical_images,DLB_00012120.jpg,skindeep_clinical_images,Skin Deep: Paediatric Dermatology Image Resource,Skin Deep,True,True,False,False,True,LEFT,CLINICAL_EXPERT,FINAL,YES,YES,SkinDeep prior adjudication incorporated.,,,,,,,
DLB_00012121,skindeep_clinical_images,images/DLB_00012121.jpg,3,Avery|Hana|Sakura,RIGHT,3,FULL_AGREEMENT,"{""RIGHT"": 3}",0,3,0,0,0,0,3,3,buttock,3,"{""buttock"": 3}",distinct_landmarks,3,"{""distinct_landmarks"": 3}",3,3,0,0,3,True,True,skindeep_clinical_images,DLB_00012121.jpg,skindeep_clinical_images,Skin Deep: Paediatric Dermatology Image Resource,Skin Deep,True,False,False,False,False,RIGHT,MAJORITY_OR_FULL_CONSENSUS,FINAL,YES,YES,,,,,,,,
DLB_00012122,skindeep_clinical_images,images/DLB_00012122.jpg,3,Avery|Mitchell|Sakura,LEFT,3,FULL_AGREEMENT,"{""LEFT"": 3}",3,0,0,0,0,0,3,3,toe,3,"{""toe"": 3}",distinct_landmarks,3,"{""distinct_landmarks"": 3}",3,3,2,0,3,True,False,skindeep_clinical_images,DLB_00012122.jpg,skindeep_clinical_images,Skin Deep: Paediatric Dermatology Image Resource,Skin Deep,True,False,False,False,False,LEFT,MAJORITY_OR_FULL_CONSENSUS,FINAL,YES,YES,,,,,,,,
DLB_00012123,skindeep_clinical_images,images/DLB_00012123.jpg,3,Avery|Hana|Mitchell,UNABLE_TO_DETERMINE,3,FULL_AGREEMENT,"{""UNABLE_TO_DETERMINE"": 3}",0,0,0,3,0,0,0,0,lower_leg,2,"{""lower_leg"": 2, ""unable_to_determine"": 1}",distinct_landmarks,1,"{""distinct_landmarks"": 1, ""limited_landmarks"": 1, ""no_landmarks"": 1}",1,2,3,0,2,False,False,skindeep_clinical_images,DLB_00012123.jpg,skindeep_clinical_images,Skin Deep: Paediatric Dermatology Image Resource,Skin Deep,True,False,False,False,False,UNABLE_TO_DETERMINE,MAJORITY_OR_FULL_CONSENSUS,FINAL,YES,NO,,,,,,,,
DLB_00012124,skindeep_clinical_images,images/DLB_00012124.jpg,3,Hana|Mitchell|Sakura,BILATERAL_OR_MIDLINE,3,FULL_AGREEMENT,"{""BILATERAL_OR_MIDLINE"": 3}",0,0,3,0,0,0,0,3,other,3,"{""other"": 3}",distinct_landmarks,3,"{""distinct_landmarks"": 3}",3,3,0,0,3,False,False,skindeep_clinical_images,DLB_00012124.jpg,skindeep_clinical_images,Skin Deep: Paediatric Dermatology Image Resource,Skin Deep,True,False,False,False,False,BILATERAL_OR_MIDLINE,MAJORITY_OR_FULL_CONSENSUS,FINAL,YES,NO,,,,,,,,
DLB_00012125,skindeep_clinical_images,images/DLB_00012125.jpg,3,Avery|Hana|Sakura,BILATERAL_OR_MIDLINE,2,MAJORITY_2_OF_3,"{""BILATERAL_OR_MIDLINE"": 2, ""UNABLE_TO_DETERMINE"": 1}",0,0,2,1,0,0,0,3,neck,2,"{""neck"": 2, ""scalp"": 1}",distinct_landmarks,3,"{""distinct_landmarks"": 3}",3,3,0,0,3,False,False,skindeep_clinical_images,DLB_00012125.jpg,skindeep_clinical_images,Skin Deep: Paediatric Dermatology Image Resource,Skin Deep,True,False,False,True,False,RIGHT,CLINICAL_EXPERT,FINAL,YES,YES,SkinDeep prior adjudication incorporated.,,,,,,,
DLB_00012126,skindeep_clinical_images,images/DLB_00012126.jpg,3,Avery|Mitchell|Sakura,BILATERAL_OR_MIDLINE,2,MAJORITY_2_OF_3,"{""BILATERAL_OR_MIDLINE"": 2, ""UNABLE_TO_DETERMINE"": 1}",0,0,2,1,0,0,0,2,other,1,"{""abdomen"": 1, ""other"": 1, ""unable_to_determine"": 1}",distinct_landmarks,2,"{""distinct_landmarks"": 2, ""no_landmarks"": 1}",2,2,0,0,2,False,False,skindeep_clinical_images,DLB_00012126.jpg,skindeep_clinical_images,Skin Deep: Paediatric Dermatology Image Resource,Skin Deep,True,False,False,True,False,UNABLE_TO_DETERMINE,CLINICAL_EXPERT,FINAL,YES,NO,SkinDeep prior adjudication incorporated.,,,,,,,
DLB_00012127,skindeep_clinical_images,images/DLB_00012127.jpg,3,Avery|Hana|Mitchell,BILATERAL_OR_MIDLINE,2,MAJORITY_2_OF_3,"{""BILATERAL_OR_MIDLINE"": 2, ""UNABLE_TO_DETERMINE"": 1}",0,0,2,1,0,0,0,3,multiple,3,"{""multiple"": 3}",distinct_landmarks,3,"{""distinct_landmarks"": 3}",3,3,2,0,3,False,False,skindeep_clinical_images,DLB_00012127.jpg,skindeep_clinical_images,Skin Deep: Paediatric Dermatology Image Resource,Skin Deep,True,False,False,True,False,BILATERAL_OR_MIDLINE,AUTO_RULE_NONLR_ONLY_TO_BILATERAL_MIDLINE,FINAL,YES,NO,AUTO_RULE_ONLY_UTD_OR_BILATERAL_LABELS,,,,,,,
DLB_00012128,skindeep_clinical_images,images/DLB_00012128.jpg,3,Hana|Mitchell|Sakura,UNABLE_TO_DETERMINE,3,FULL_AGREEMENT,"{""UNABLE_TO_DETERMINE"": 3}",0,0,0,3,0,0,0,2,back,2,"{""back"": 2, ""unable_to_determine"": 1}",distinct_landmarks,2,"{""distinct_landmarks"": 2, ""no_landmarks"": 1}",2,2,0,0,2,False,False,skindeep_clinical_images,DLB_00012128.jpg,skindeep_clinical_images,Skin Deep: Paediatric Dermatology Image Resource,Skin Deep,True,False,False,False,False,UNABLE_TO_DETERMINE,MAJORITY_OR_FULL_CONSENSUS,FINAL,YES,NO,,,,,,,,
DLB_00012129,skindeep_clinical_images,images/DLB_00012129.jpg,3,Avery|Hana|Sakura,LEFT,3,FULL_AGREEMENT,"{""LEFT"": 3}",3,0,0,0,0,0,3,3,lower_leg,2,"{""lower_leg"": 2, ""multiple"": 1}",distinct_landmarks,3,"{""distinct_landmarks"": 3}",3,3,0,0,2,True,True,skindeep_clinical_images,DLB_00012129.jpg,skindeep_clinical_images,Skin Deep: Paediatric Dermatology Image Resource,Skin Deep,True,False,False,False,False,LEFT,MAJORITY_OR_FULL_CONSENSUS,FINAL,YES,YES,,,,,,,,
DLB_00012130,skindeep_clinical_images,images/DLB_00012130.jpg,3,Avery|Mitchell|Sakura,BILATERAL_OR_MIDLINE,2,MAJORITY_2_OF_3,"{""BILATERAL_OR_MIDLINE"": 2, ""UNABLE_TO_DETERMINE"": 1}",0,0,2,1,0,0,0,3,scalp,3,"{""scalp"": 3}",distinct_landmarks,3,"{""distinct_landmarks"": 3}",3,3,0,0,3,False,False,skindeep_clinical_images,DLB_00012130.jpg,skindeep_clinical_images,Skin Deep: Paediatric Dermatology Image Resource,Skin Deep,True,False,False,True,False,BILATERAL_OR_MIDLINE,AUTO_RULE_NONLR_ONLY_TO_BILATERAL_MIDLINE,FINAL,YES,NO,AUTO_RULE_ONLY_UTD_OR_BILATERAL_LABELS,,,,,,,
DLB_00012131,skindeep_clinical_images,images/DLB_00012131.jpg,3,Avery|Hana|Mitchell,UNABLE_TO_DETERMINE,3,FULL_AGREEMENT,"{""UNABLE_TO_DETERMINE"": 3}",0,0,0,3,0,0,0,1,other,1,"{""other"": 1, ""scalp"": 1, ""unable_to_determine"": 1}",no_landmarks,2,"{""distinct_landmarks"": 1, ""no_landmarks"": 2}",1,1,0,0,1,False,False,skindeep_clinical_images,DLB_00012131.jpg,skindeep_clinical_images,Skin Deep: Paediatric Dermatology Image Resource,Skin Deep,True,False,False,False,False,UNABLE_TO_DETERMINE,MAJORITY_OR_FULL_CONSENSUS,FINAL,YES,NO,,,,,,,,
DLB_00012132,skindeep_clinical_images,images/DLB_00012132.jpg,3,Hana|Mitchell|Sakura,BILATERAL_OR_MIDLINE,2,MAJORITY_2_OF_3,"{""BILATERAL_OR_MIDLINE"": 2, ""UNABLE_TO_DETERMINE"": 1}",0,0,2,1,0,0,0,3,back,3,"{""back"": 3}",distinct_landmarks,3,"{""distinct_landmarks"": 3}",3,3,1,0,3,False,False,skindeep_clinical_images,DLB_00012132.jpg,skindeep_clinical_images,Skin Deep: Paediatric Dermatology Image Resource,Skin Deep,True,False,False,True,False,BILATERAL_OR_MIDLINE,AUTO_RULE_NONLR_ONLY_TO_BILATERAL_MIDLINE,FINAL,YES,NO,AUTO_RULE_ONLY_UTD_OR_BILATERAL_LABELS,,,,,,,
DLB_00012133,skindeep_clinical_images,images/DLB_00012133.jpg,3,Avery|Hana|Sakura,BILATERAL_OR_MIDLINE,3,FULL_AGREEMENT,"{""BILATERAL_OR_MIDLINE"": 3}",0,0,3,0,0,0,0,3,other,3,"{""other"": 3}",distinct_landmarks,3,"{""distinct_landmarks"": 3}",3,3,0,0,3,False,False,skindeep_clinical_images,DLB_00012133.jpg,skindeep_clinical_images,Skin Deep: Paediatric Dermatology Image Resource,Skin Deep,True,False,False,False,False,BILATERAL_OR_MIDLINE,MAJORITY_OR_FULL_CONSENSUS,FINAL,YES,NO,,,,,,,,
DLB_00012134,skindeep_clinical_images,images/DLB_00012134.jpg,3,Avery|Mitchell|Sakura,UNABLE_TO_DETERMINE,2,MAJORITY_2_OF_3,"{""BILATERAL_OR_MIDLINE"": 1, ""UNABLE_TO_DETERMINE"": 2}",0,0,1,2,0,0,0,2,scalp,3,"{""scalp"": 3}",distinct_landmarks,2,"{""distinct_landmarks"": 2, ""limited_landmarks"": 1}",2,3,0,0,2,False,False,skindeep_clinical_images,DLB_00012134.jpg,skindeep_clinical_images,Skin Deep: Paediatric Dermatology Image Resource,Skin Deep,True,False,False,True,False,BILATERAL_OR_MIDLINE,AUTO_RULE_NONLR_ONLY_TO_BILATERAL_MIDLINE,FINAL,YES,NO,AUTO_RULE_ONLY_UTD_OR_BILATERAL_LABELS,,,,,,,
DLB_00012135,skindeep_clinical_images,images/DLB_00012135.jpg,3,Avery|Hana|Mitchell,LEFT,3,FULL_AGREEMENT,"{""LEFT"": 3}",3,0,0,0,0,0,3,3,face,2,"{""face"": 2, ""scalp"": 1}",distinct_landmarks,3,"{""distinct_landmarks"": 3}",3,3,3,0,3,True,False,skindeep_clinical_images,DLB_00012135.jpg,skindeep_clinical_images,Skin Deep: Paediatric Dermatology Image Resource,Skin Deep,True,False,False,False,False,LEFT,MAJORITY_OR_FULL_CONSENSUS,FINAL,YES,YES,,,,,,,,
DLB_00012136,skindeep_clinical_images,images/DLB_00012136.jpg,3,Hana|Mitchell|Sakura,BILATERAL_OR_MIDLINE,3,FULL_AGREEMENT,"{""BILATERAL_OR_MIDLINE"": 3}",0,0,3,0,0,0,0,3,face,3,"{""face"": 3}",distinct_landmarks,3,"{""distinct_landmarks"": 3}",3,3,0,0,3,False,False,skindeep_clinical_images,DLB_00012136.jpg,skindeep_clinical_images,Skin Deep: Paediatric Dermatology Image Resource,Skin Deep,True,False,False,False,False,BILATERAL_OR_MIDLINE,MAJORITY_OR_FULL_CONSENSUS,FINAL,YES,NO,,,,,,,,
DLB_00012137,skindeep_clinical_images,images/DLB_00012137.jpg,3,Avery|Hana|Sakura,BILATERAL_OR_MIDLINE,3,FULL_AGREEMENT,"{""BILATERAL_OR_MIDLINE"": 3}",0,0,3,0,0,0,0,3,neck,2,"{""multiple"": 1, ""neck"": 2}",distinct_landmarks,3,"{""distinct_landmarks"": 3}",3,3,2,0,3,False,False,skindeep_clinical_images,DLB_00012137.jpg,skindeep_clinical_images,Skin Deep: Paediatric Dermatology Image Resource,Skin Deep,True,False,False,False,False,BILATERAL_OR_MIDLINE,MAJORITY_OR_FULL_CONSENSUS,FINAL,YES,NO,,,,,,,,
DLB_00012138,skindeep_clinical_images,images/DLB_00012138.jpg,3,Avery|Mitchell|Sakura,UNABLE_TO_DETERMINE,3,FULL_AGREEMENT,"{""UNABLE_TO_DETERMINE"": 3}",0,0,0,3,0,0,0,0,knee,1,"{""knee"": 1, ""neck"": 1, ""unable_to_determine"": 1}",no_landmarks,2,"{""distinct_landmarks"": 1, ""no_landmarks"": 2}",1,1,0,0,2,False,False,skindeep_clinical_images,DLB_00012138.jpg,skindeep_clinical_images,Skin Deep: Paediatric Dermatology Image Resource,Skin Deep,True,False,False,False,False,UNABLE_TO_DETERMINE,MAJORITY_OR_FULL_CONSENSUS,FINAL,YES,NO,,,,,,,,
DLB_00012139,skindeep_clinical_images,images/DLB_00012139.jpg,3,Avery|Hana|Mitchell,UNABLE_TO_DETERMINE,2,MAJORITY_2_OF_3,"{""BILATERAL_OR_MIDLINE"": 1, ""UNABLE_TO_DETERMINE"": 2}",0,0,1,2,0,0,0,2,back,2,"{""back"": 2, ""unable_to_determine"": 1}",distinct_landmarks,2,"{""distinct_landmarks"": 2, ""no_landmarks"": 1}",2,2,2,0,2,False,False,skindeep_clinical_images,DLB_00012139.jpg,skindeep_clinical_images,Skin Deep: Paediatric Dermatology Image Resource,Skin Deep,True,False,False,True,False,BILATERAL_OR_MIDLINE,AUTO_RULE_NONLR_ONLY_TO_BILATERAL_MIDLINE,FINAL,YES,NO,AUTO_RULE_ONLY_UTD_OR_BILATERAL_LABELS,,,,,,,
DLB_00012140,skindeep_clinical_images,images/DLB_00012140.jpg,3,Hana|Mitchell|Sakura,LEFT,2,MAJORITY_2_OF_3,"{""LEFT"": 2, ""UNABLE_TO_DETERMINE"": 1}",2,0,0,1,0,0,2,0,forearm,2,"{""forearm"": 2, ""unable_to_determine"": 1}",limited_landmarks,2,"{""limited_landmarks"": 2, ""no_landmarks"": 1}",0,2,0,0,2,False,False,skindeep_clinical_images,DLB_00012140.jpg,skindeep_clinical_images,Skin Deep: Paediatric Dermatology Image Resource,Skin Deep,True,False,False,False,False,LEFT,CLINICAL_EXPERT,FINAL,YES,YES,SkinDeep prior adjudication incorporated.,,,,,,,
DLB_00012141,skindeep_clinical_images,images/DLB_00012141.jpg,3,Avery|Hana|Sakura,BILATERAL_OR_MIDLINE,2,MAJORITY_2_OF_3,"{""BILATERAL_OR_MIDLINE"": 2, ""UNABLE_TO_DETERMINE"": 1}",0,0,2,1,0,0,0,3,neck,2,"{""multiple"": 1, ""neck"": 2}",distinct_landmarks,2,"{""distinct_landmarks"": 2, ""limited_landmarks"": 1}",2,3,0,0,3,False,False,skindeep_clinical_images,DLB_00012141.jpg,skindeep_clinical_images,Skin Deep: Paediatric Dermatology Image Resource,Skin Deep,True,False,False,True,False,BILATERAL_OR_MIDLINE,AUTO_RULE_NONLR_ONLY_TO_BILATERAL_MIDLINE,FINAL,YES,NO,AUTO_RULE_ONLY_UTD_OR_BILATERAL_LABELS,,,,,,,
DLB_00012142,skindeep_clinical_images,images/DLB_00012142.jpg,3,Avery|Mitchell|Sakura,UNABLE_TO_DETERMINE,3,FULL_AGREEMENT,"{""UNABLE_TO_DETERMINE"": 3}",0,0,0,3,0,0,0,0,unable_to_determine,3,"{""unable_to_determine"": 3}",no_landmarks,3,"{""no_landmarks"": 3}",0,0,0,0,1,False,False,skindeep_clinical_images,DLB_00012142.jpg,skindeep_clinical_images,Skin Deep: Paediatric Dermatology Image Resource,Skin Deep,True,False,False,False,False,UNABLE_TO_DETERMINE,MAJORITY_OR_FULL_CONSENSUS,FINAL,YES,NO,,,,,,,,
DLB_00012143,skindeep_clinical_images,images/DLB_00012143.jpg,3,Avery|Hana|Mitchell,UNABLE_TO_DETERMINE,3,FULL_AGREEMENT,"{""UNABLE_TO_DETERMINE"": 3}",0,0,0,3,0,0,0,0,unable_to_determine,3,"{""unable_to_determine"": 3}",no_landmarks,3,"{""no_landmarks"": 3}",0,0,1,0,1,False,False,skindeep_clinical_images,DLB_00012143.jpg,skindeep_clinical_images,Skin Deep: Paediatric Dermatology Image Resource,Skin Deep,True,False,False,False,False,UNABLE_TO_DETERMINE,MAJORITY_OR_FULL_CONSENSUS,FINAL,YES,NO,,,,,,,,
DLB_00012144,skindeep_clinical_images,images/DLB_00012144.jpg,3,Hana|Mitchell|Sakura,UNABLE_TO_DETERMINE,3,FULL_AGREEMENT,"{""UNABLE_TO_DETERMINE"": 3}",0,0,0,3,0,0,0,0,unable_to_determine,2,"{""lower_leg"": 1, ""unable_to_determine"": 2}",no_landmarks,2,"{""distinct_landmarks"": 1, ""no_landmarks"": 2}",1,1,0,0,2,False,False,skindeep_clinical_images,DLB_00012144.jpg,skindeep_clinical_images,Skin Deep: Paediatric Dermatology Image Resource,Skin Deep,True,False,False,False,False,UNABLE_TO_DETERMINE,MAJORITY_OR_FULL_CONSENSUS,FINAL,YES,NO,,,,,,,,
DLB_00012145,skindeep_clinical_images,images/DLB_00012145.jpg,3,Avery|Hana|Sakura,UNABLE_TO_DETERMINE,3,FULL_AGREEMENT,"{""UNABLE_TO_DETERMINE"": 3}",0,0,0,3,0,0,0,0,unable_to_determine,3,"{""unable_to_determine"": 3}",no_landmarks,3,"{""no_landmarks"": 3}",0,0,0,0,2,False,False,skindeep_clinical_images,DLB_00012145.jpg,skindeep_clinical_images,Skin Deep: Paediatric Dermatology Image Resource,Skin Deep,True,False,False,False,False,UNABLE_TO_DETERMINE,MAJORITY_OR_FULL_CONSENSUS,FINAL,YES,NO,,,,,,,,
DLB_00012146,skindeep_clinical_images,images/DLB_00012146.jpg,3,Avery|Mitchell|Sakura,BILATERAL_OR_MIDLINE,2,MAJORITY_2_OF_3,"{""BILATERAL_OR_MIDLINE"": 2, ""UNABLE_TO_DETERMINE"": 1}",0,0,2,1,0,0,0,3,back,2,"{""back"": 2, ""multiple"": 1}",distinct_landmarks,3,"{""distinct_landmarks"": 3}",3,3,1,0,3,False,False,skindeep_clinical_images,DLB_00012146.jpg,skindeep_clinical_images,Skin Deep: Paediatric Dermatology Image Resource,Skin Deep,True,False,False,True,False,BILATERAL_OR_MIDLINE,AUTO_RULE_NONLR_ONLY_TO_BILATERAL_MIDLINE,FINAL,YES,NO,AUTO_RULE_ONLY_UTD_OR_BILATERAL_LABELS,,,,,,,
DLB_00012147,skindeep_clinical_images,images/DLB_00012147.jpg,3,Avery|Hana|Mitchell,BILATERAL_OR_MIDLINE,2,MAJORITY_2_OF_3,"{""BILATERAL_OR_MIDLINE"": 2, ""UNABLE_TO_DETERMINE"": 1}",0,0,2,1,0,0,0,3,multiple,3,"{""multiple"": 3}",distinct_landmarks,3,"{""distinct_landmarks"": 3}",3,3,1,0,3,False,False,skindeep_clinical_images,DLB_00012147.jpg,skindeep_clinical_images,Skin Deep: Paediatric Dermatology Image Resource,Skin Deep,True,False,False,True,False,BILATERAL_OR_MIDLINE,AUTO_RULE_NONLR_ONLY_TO_BILATERAL_MIDLINE,FINAL,YES,NO,AUTO_RULE_ONLY_UTD_OR_BILATERAL_LABELS,,,,,,,
DLB_00012148,skindeep_clinical_images,images/DLB_00012148.jpg,3,Hana|Mitchell|Sakura,LEFT,3,FULL_AGREEMENT,"{""LEFT"": 3}",3,0,0,0,0,0,3,3,knee,3,"{""knee"": 3}",distinct_landmarks,3,"{""distinct_landmarks"": 3}",3,3,1,0,3,True,False,skindeep_clinical_images,DLB_00012148.jpg,skindeep_clinical_images,Skin Deep: Paediatric Dermatology Image Resource,Skin Deep,True,False,False,False,False,LEFT,MAJORITY_OR_FULL_CONSENSUS,FINAL,YES,YES,,,,,,,,
DLB_00012149,skindeep_clinical_images,images/DLB_00012149.jpg,3,Avery|Hana|Sakura,UNABLE_TO_DETERMINE,2,MAJORITY_2_OF_3,"{""RIGHT"": 1, ""UNABLE_TO_DETERMINE"": 2}",0,1,0,2,0,0,1,2,upper_arm,2,"{""thigh"": 1, ""upper_arm"": 2}",distinct_landmarks,2,"{""distinct_landmarks"": 2, ""limited_landmarks"": 1}",2,3,0,0,3,False,False,skindeep_clinical_images,DLB_00012149.jpg,skindeep_clinical_images,Skin Deep: Paediatric Dermatology Image Resource,Skin Deep,True,False,False,False,False,UNABLE_TO_DETERMINE,CLINICAL_EXPERT,FINAL,YES,NO,SkinDeep prior adjudication incorporated.,,,,,,,
DLB_00012150,skindeep_clinical_images,images/DLB_00012150.jpg,3,Avery|Mitchell|Sakura,BILATERAL_OR_MIDLINE,2,MAJORITY_2_OF_3,"{""BILATERAL_OR_MIDLINE"": 2, ""UNABLE_TO_DETERMINE"": 1}",0,0,2,1,0,0,0,3,multiple,3,"{""multiple"": 3}",distinct_landmarks,3,"{""distinct_landmarks"": 3}",3,3,1,0,3,False,False,skindeep_clinical_images,DLB_00012150.jpg,skindeep_clinical_images,Skin Deep: Paediatric Dermatology Image Resource,Skin Deep,True,False,False,True,False,BILATERAL_OR_MIDLINE,AUTO_RULE_NONLR_ONLY_TO_BILATERAL_MIDLINE,FINAL,YES,NO,AUTO_RULE_ONLY_UTD_OR_BILATERAL_LABELS,,,,,,,
DLB_00012151,skindeep_clinical_images,images/DLB_00012151.jpg,3,Avery|Hana|Mitchell,RIGHT,2,MAJORITY_2_OF_3,"{""RIGHT"": 2, ""UNABLE_TO_DETERMINE"": 1}",0,2,0,1,0,0,2,2,multiple,1,"{""buttock"": 1, ""multiple"": 1, ""unable_to_determine"": 1}",distinct_landmarks,2,"{""distinct_landmarks"": 2, ""no_landmarks"": 1}",2,2,0,0,2,True,True,skindeep_clinical_images,DLB_00012151.jpg,skindeep_clinical_images,Skin Deep: Paediatric Dermatology Image Resource,Skin Deep,True,False,False,False,False,RIGHT,CLINICAL_EXPERT,FINAL,YES,YES,SkinDeep prior adjudication incorporated.,,,,,,,
DLB_00012152,skindeep_clinical_images,images/DLB_00012152.jpg,3,Hana|Mitchell|Sakura,LEFT,3,FULL_AGREEMENT,"{""LEFT"": 3}",3,0,0,0,0,0,3,3,foot,3,"{""foot"": 3}",distinct_landmarks,3,"{""distinct_landmarks"": 3}",3,3,2,0,3,True,False,skindeep_clinical_images,DLB_00012152.jpg,skindeep_clinical_images,Skin Deep: Paediatric Dermatology Image Resource,Skin Deep,True,False,False,False,False,LEFT,MAJORITY_OR_FULL_CONSENSUS,FINAL,YES,YES,,,,,,,,
DLB_00012153,skindeep_clinical_images,images/DLB_00012153.jpg,3,Avery|Hana|Sakura,UNABLE_TO_DETERMINE,3,FULL_AGREEMENT,"{""UNABLE_TO_DETERMINE"": 3}",0,0,0,3,0,0,0,0,unable_to_determine,3,"{""unable_to_determine"": 3}",no_landmarks,3,"{""no_landmarks"": 3}",0,0,0,0,2,False,False,skindeep_clinical_images,DLB_00012153.jpg,skindeep_clinical_images,Skin Deep: Paediatric Dermatology Image Resource,Skin Deep,True,False,False,False,False,UNABLE_TO_DETERMINE,MAJORITY_OR_FULL_CONSENSUS,FINAL,YES,NO,,,,,,,,
DLB_00012154,skindeep_clinical_images,images/DLB_00012154.jpg,3,Avery|Mitchell|Sakura,RIGHT,3,FULL_AGREEMENT,"{""RIGHT"": 3}",0,3,0,0,0,0,3,3,thigh,2,"{""multiple"": 1, ""thigh"": 2}",distinct_landmarks,3,"{""distinct_landmarks"": 3}",3,3,0,0,3,True,True,skindeep_clinical_images,DLB_00012154.jpg,skindeep_clinical_images,Skin Deep: Paediatric Dermatology Image Resource,Skin Deep,True,False,False,False,False,RIGHT,MAJORITY_OR_FULL_CONSENSUS,FINAL,YES,YES,,,,,,,,
DLB_00012155,skindeep_clinical_images,images/DLB_00012155.jpg,3,Avery|Hana|Mitchell,BILATERAL_OR_MIDLINE,2,MAJORITY_2_OF_3,"{""BILATERAL_OR_MIDLINE"": 2, ""UNABLE_TO_DETERMINE"": 1}",0,0,2,1,0,0,0,3,multiple,3,"{""multiple"": 3}",distinct_landmarks,3,"{""distinct_landmarks"": 3}",3,3,2,0,3,False,False,skindeep_clinical_images,DLB_00012155.jpg,skindeep_clinical_images,Skin Deep: Paediatric Dermatology Image Resource,Skin Deep,True,False,False,True,False,BILATERAL_OR_MIDLINE,AUTO_RULE_NONLR_ONLY_TO_BILATERAL_MIDLINE,FINAL,YES,NO,AUTO_RULE_ONLY_UTD_OR_BILATERAL_LABELS,,,,,,,
DLB_00012156,skindeep_clinical_images,images/DLB_00012156.jpg,3,Hana|Mitchell|Sakura,UNABLE_TO_DETERMINE,2,MAJORITY_2_OF_3,"{""LEFT"": 1, ""UNABLE_TO_DETERMINE"": 2}",1,0,0,2,0,0,1,1,finger,3,"{""finger"": 3}",distinct_landmarks,2,"{""distinct_landmarks"": 2, ""limited_landmarks"": 1}",2,3,2,0,2,False,False,skindeep_clinical_images,DLB_00012156.jpg,skindeep_clinical_images,Skin Deep: Paediatric Dermatology Image Resource,Skin Deep,True,False,False,False,False,UNABLE_TO_DETERMINE,MAJORITY_OR_FULL_CONSENSUS,FINAL,YES,NO,,,,,,,,
DLB_00012157,skindeep_clinical_images,images/DLB_00012157.jpg,3,Avery|Hana|Sakura,UNABLE_TO_DETERMINE,2,MAJORITY_2_OF_3,"{""BILATERAL_OR_MIDLINE"": 1, ""UNABLE_TO_DETERMINE"": 2}",0,0,1,2,0,0,0,3,abdomen,2,"{""abdomen"": 2, ""multiple"": 1}",distinct_landmarks,3,"{""distinct_landmarks"": 3}",3,3,0,0,3,False,False,skindeep_clinical_images,DLB_00012157.jpg,skindeep_clinical_images,Skin Deep: Paediatric Dermatology Image Resource,Skin Deep,True,False,False,True,False,BILATERAL_OR_MIDLINE,CLINICAL_EXPERT,FINAL,YES,NO,SkinDeep prior adjudication incorporated.,,,,,,,
DLB_00012158,skindeep_clinical_images,images/DLB_00012158.jpg,3,Avery|Mitchell|Sakura,UNABLE_TO_DETERMINE,2,MAJORITY_2_OF_3,"{""RIGHT"": 1, ""UNABLE_TO_DETERMINE"": 2}",0,1,0,2,0,0,1,1,unable_to_determine,2,"{""knee"": 1, ""unable_to_determine"": 2}",no_landmarks,2,"{""distinct_landmarks"": 1, ""no_landmarks"": 2}",1,1,3,0,2,False,False,skindeep_clinical_images,DLB_00012158.jpg,skindeep_clinical_images,Skin Deep: Paediatric Dermatology Image Resource,Skin Deep,True,False,False,False,False,UNABLE_TO_DETERMINE,MAJORITY_OR_FULL_CONSENSUS,FINAL,YES,NO,,,,,,,,
DLB_00012159,skindeep_clinical_images,images/DLB_00012159.jpg,3,Avery|Hana|Mitchell,BILATERAL_OR_MIDLINE,2,MAJORITY_2_OF_3,"{""BILATERAL_OR_MIDLINE"": 2, ""UNABLE_TO_DETERMINE"": 1}",0,0,2,1,0,0,0,3,multiple,3,"{""multiple"": 3}",distinct_landmarks,3,"{""distinct_landmarks"": 3}",3,3,2,0,3,False,False,skindeep_clinical_images,DLB_00012159.jpg,skindeep_clinical_images,Skin Deep: Paediatric Dermatology Image Resource,Skin Deep,True,False,False,True,False,BILATERAL_OR_MIDLINE,AUTO_RULE_NONLR_ONLY_TO_BILATERAL_MIDLINE,FINAL,YES,NO,AUTO_RULE_ONLY_UTD_OR_BILATERAL_LABELS,,,,,,,
DLB_00012160,skindeep_clinical_images,images/DLB_00012160.jpg,3,Hana|Mitchell|Sakura,UNABLE_TO_DETERMINE,3,FULL_AGREEMENT,"{""UNABLE_TO_DETERMINE"": 3}",0,0,0,3,0,0,0,1,lower_leg,2,"{""lower_leg"": 2, ""unable_to_determine"": 1}",distinct_landmarks,1,"{""distinct_landmarks"": 1, ""limited_landmarks"": 1, ""no_landmarks"": 1}",1,2,0,0,2,False,False,skindeep_clinical_images,DLB_00012160.jpg,skindeep_clinical_images,Skin Deep: Paediatric Dermatology Image Resource,Skin Deep,True,False,False,False,False,UNABLE_TO_DETERMINE,MAJORITY_OR_FULL_CONSENSUS,FINAL,YES,NO,,,,,,,,
DLB_00012161,skindeep_clinical_images,images/DLB_00012161.jpg,3,Avery|Hana|Sakura,BILATERAL_OR_MIDLINE,2,MAJORITY_2_OF_3,"{""BILATERAL_OR_MIDLINE"": 2, ""UNABLE_TO_DETERMINE"": 1}",0,0,2,1,0,0,0,3,back,3,"{""back"": 3}",distinct_landmarks,3,"{""distinct_landmarks"": 3}",3,3,0,0,3,False,False,skindeep_clinical_images,DLB_00012161.jpg,skindeep_clinical_images,Skin Deep: Paediatric Dermatology Image Resource,Skin Deep,True,False,False,True,False,BILATERAL_OR_MIDLINE,AUTO_RULE_NONLR_ONLY_TO_BILATERAL_MIDLINE,FINAL,YES,NO,AUTO_RULE_ONLY_UTD_OR_BILATERAL_LABELS,,,,,,,
DLB_00012162,skindeep_clinical_images,images/DLB_00012162.jpg,3,Avery|Mitchell|Sakura,NO_MAJORITY,1,THREE_WAY_DISAGREEMENT,"{""BILATERAL_OR_MIDLINE"": 1, ""RIGHT"": 1, ""UNABLE_TO_DETERMINE"": 1}",0,1,1,1,0,0,1,2,thigh,2,"{""thigh"": 2, ""unable_to_determine"": 1}",distinct_landmarks,2,"{""distinct_landmarks"": 2, ""no_landmarks"": 1}",2,2,1,0,2,False,False,skindeep_clinical_images,DLB_00012162.jpg,skindeep_clinical_images,Skin Deep: Paediatric Dermatology Image Resource,Skin Deep,True,False,True,False,True,BILATERAL_OR_MIDLINE,CLINICAL_EXPERT,FINAL,YES,NO,SkinDeep prior adjudication incorporated.,,,,,,,
DLB_00012163,skindeep_clinical_images,images/DLB_00012163.jpg,3,Avery|Hana|Mitchell,BILATERAL_OR_MIDLINE,3,FULL_AGREEMENT,"{""BILATERAL_OR_MIDLINE"": 3}",0,0,3,0,0,0,0,3,scalp,3,"{""scalp"": 3}",distinct_landmarks,3,"{""distinct_landmarks"": 3}",3,3,0,0,3,False,False,skindeep_clinical_images,DLB_00012163.jpg,skindeep_clinical_images,Skin Deep: Paediatric Dermatology Image Resource,Skin Deep,True,False,False,False,False,BILATERAL_OR_MIDLINE,MAJORITY_OR_FULL_CONSENSUS,FINAL,YES,NO,,,,,,,,
DLB_00012164,skindeep_clinical_images,images/DLB_00012164.jpg,3,Hana|Mitchell|Sakura,UNABLE_TO_DETERMINE,2,MAJORITY_2_OF_3,"{""BILATERAL_OR_MIDLINE"": 1, ""UNABLE_TO_DETERMINE"": 2}",0,0,1,2,0,0,0,3,abdomen,3,"{""abdomen"": 3}",distinct_landmarks,3,"{""distinct_landmarks"": 3}",3,3,1,0,3,False,False,skindeep_clinical_images,DLB_00012164.jpg,skindeep_clinical_images,Skin Deep: Paediatric Dermatology Image Resource,Skin Deep,True,False,False,True,False,BILATERAL_OR_MIDLINE,CLINICAL_EXPERT,FINAL,YES,NO,SkinDeep prior adjudication incorporated.,,,,,,,
DLB_00012165,skindeep_clinical_images,images/DLB_00012165.jpg,3,Avery|Hana|Sakura,UNABLE_TO_DETERMINE,2,MAJORITY_2_OF_3,"{""BILATERAL_OR_MIDLINE"": 1, ""UNABLE_TO_DETERMINE"": 2}",0,0,1,2,0,0,0,3,multiple,2,"{""multiple"": 2, ""thigh"": 1}",distinct_landmarks,3,"{""distinct_landmarks"": 3}",3,3,1,0,3,False,False,skindeep_clinical_images,DLB_00012165.jpg,skindeep_clinical_images,Skin Deep: Paediatric Dermatology Image Resource,Skin Deep,True,False,False,True,False,BILATERAL_OR_MIDLINE,CLINICAL_EXPERT,FINAL,YES,NO,SkinDeep prior adjudication incorporated.,,,,,,,
DLB_00012166,skindeep_clinical_images,images/DLB_00012166.jpg,3,Avery|Mitchell|Sakura,RIGHT,2,MAJORITY_2_OF_3,"{""BILATERAL_OR_MIDLINE"": 1, ""RIGHT"": 2}",0,2,1,0,0,0,2,3,face,3,"{""face"": 3}",distinct_landmarks,3,"{""distinct_landmarks"": 3}",3,3,0,0,3,True,True,skindeep_clinical_images,DLB_00012166.jpg,skindeep_clinical_images,Skin Deep: Paediatric Dermatology Image Resource,Skin Deep,True,False,False,False,False,RIGHT,MAJORITY_OR_FULL_CONSENSUS,FINAL,YES,YES,,,,,,,,
DLB_00012167,skindeep_clinical_images,images/DLB_00012167.jpg,3,Avery|Hana|Mitchell,RIGHT,3,FULL_AGREEMENT,"{""RIGHT"": 3}",0,3,0,0,0,0,3,3,hand,3,"{""hand"": 3}",distinct_landmarks,3,"{""distinct_landmarks"": 3}",3,3,2,0,3,True,False,skindeep_clinical_images,DLB_00012167.jpg,skindeep_clinical_images,Skin Deep: Paediatric Dermatology Image Resource,Skin Deep,True,False,False,False,False,RIGHT,MAJORITY_OR_FULL_CONSENSUS,FINAL,YES,YES,,,,,,,,
DLB_00012168,skindeep_clinical_images,images/DLB_00012168.jpg,3,Hana|Mitchell|Sakura,UNABLE_TO_DETERMINE,2,MAJORITY_2_OF_3,"{""BILATERAL_OR_MIDLINE"": 1, ""UNABLE_TO_DETERMINE"": 2}",0,0,1,2,0,0,0,3,back,3,"{""back"": 3}",distinct_landmarks,3,"{""distinct_landmarks"": 3}",3,3,0,0,3,False,False,skindeep_clinical_images,DLB_00012168.jpg,skindeep_clinical_images,Skin Deep: Paediatric Dermatology Image Resource,Skin Deep,True,False,False,True,False,BILATERAL_OR_MIDLINE,CLINICAL_EXPERT,FINAL,YES,NO,SkinDeep prior adjudication incorporated.,,,,,,,
DLB_00012169,skindeep_clinical_images,images/DLB_00012169.jpg,3,Avery|Hana|Sakura,LEFT,3,FULL_AGREEMENT,"{""LEFT"": 3}",3,0,0,0,0,0,3,3,face,2,"{""face"": 2, ""other"": 1}",distinct_landmarks,3,"{""distinct_landmarks"": 3}",3,3,0,0,3,True,True,skindeep_clinical_images,DLB_00012169.jpg,skindeep_clinical_images,Skin Deep: Paediatric Dermatology Image Resource,Skin Deep,True,False,False,False,False,LEFT,MAJORITY_OR_FULL_CONSENSUS,FINAL,YES,YES,,,,,,,,
DLB_00012170,skindeep_clinical_images,images/DLB_00012170.jpg,3,Avery|Mitchell|Sakura,BILATERAL_OR_MIDLINE,2,MAJORITY_2_OF_3,"{""BILATERAL_OR_MIDLINE"": 2, ""UNABLE_TO_DETERMINE"": 1}",0,0,2,1,0,0,0,3,abdomen,3,"{""abdomen"": 3}",distinct_landmarks,3,"{""distinct_landmarks"": 3}",3,3,0,0,3,False,False,skindeep_clinical_images,DLB_00012170.jpg,skindeep_clinical_images,Skin Deep: Paediatric Dermatology Image Resource,Skin Deep,True,False,False,True,False,BILATERAL_OR_MIDLINE,AUTO_RULE_NONLR_ONLY_TO_BILATERAL_MIDLINE,FINAL,YES,NO,AUTO_RULE_ONLY_UTD_OR_BILATERAL_LABELS,,,,,,,
DLB_00012171,skindeep_clinical_images,images/DLB_00012171.jpg,3,Avery|Hana|Mitchell,BILATERAL_OR_MIDLINE,2,MAJORITY_2_OF_3,"{""BILATERAL_OR_MIDLINE"": 2, ""UNABLE_TO_DETERMINE"": 1}",0,0,2,1,0,0,0,3,multiple,3,"{""multiple"": 3}",distinct_landmarks,3,"{""distinct_landmarks"": 3}",3,3,3,0,3,False,False,skindeep_clinical_images,DLB_00012171.jpg,skindeep_clinical_images,Skin Deep: Paediatric Dermatology Image Resource,Skin Deep,True,False,False,True,False,BILATERAL_OR_MIDLINE,AUTO_RULE_NONLR_ONLY_TO_BILATERAL_MIDLINE,FINAL,YES,NO,AUTO_RULE_ONLY_UTD_OR_BILATERAL_LABELS,,,,,,,
DLB_00012172,skindeep_clinical_images,images/DLB_00012172.jpg,3,Hana|Mitchell|Sakura,UNABLE_TO_DETERMINE,2,MAJORITY_2_OF_3,"{""LEFT"": 1, ""UNABLE_TO_DETERMINE"": 2}",1,0,0,2,0,0,1,0,upper_arm,2,"{""unable_to_determine"": 1, ""upper_arm"": 2}",limited_landmarks,1,"{""distinct_landmarks"": 1, ""limited_landmarks"": 1, ""no_landmarks"": 1}",1,2,0,0,2,False,False,skindeep_clinical_images,DLB_00012172.jpg,skindeep_clinical_images,Skin Deep: Paediatric Dermatology Image Resource,Skin Deep,True,False,False,False,False,UNABLE_TO_DETERMINE,MAJORITY_OR_FULL_CONSENSUS,FINAL,YES,NO,,,,,,,,
DLB_00012173,skindeep_clinical_images,images/DLB_00012173.jpg,3,Avery|Hana|Sakura,UNABLE_TO_DETERMINE,2,MAJORITY_2_OF_3,"{""BILATERAL_OR_MIDLINE"": 1, ""UNABLE_TO_DETERMINE"": 2}",0,0,1,2,0,0,0,3,knee,3,"{""knee"": 3}",distinct_landmarks,3,"{""distinct_landmarks"": 3}",3,3,2,0,3,False,False,skindeep_clinical_images,DLB_00012173.jpg,skindeep_clinical_images,Skin Deep: Paediatric Dermatology Image Resource,Skin Deep,True,False,False,True,False,BILATERAL_OR_MIDLINE,CLINICAL_EXPERT,FINAL,YES,NO,SkinDeep prior adjudication incorporated.,,,,,,,
DLB_00012174,skindeep_clinical_images,images/DLB_00012174.jpg,3,Avery|Mitchell|Sakura,LEFT,3,FULL_AGREEMENT,"{""LEFT"": 3}",3,0,0,0,0,0,3,3,hand,3,"{""hand"": 3}",distinct_landmarks,3,"{""distinct_landmarks"": 3}",3,3,2,0,3,True,False,skindeep_clinical_images,DLB_00012174.jpg,skindeep_clinical_images,Skin Deep: Paediatric Dermatology Image Resource,Skin Deep,True,False,False,False,False,LEFT,MAJORITY_OR_FULL_CONSENSUS,FINAL,YES,YES,,,,,,,,
DLB_00012175,skindeep_clinical_images,images/DLB_00012175.jpg,3,Avery|Hana|Mitchell,RIGHT,3,FULL_AGREEMENT,"{""RIGHT"": 3}",0,3,0,0,0,0,3,3,abdomen,3,"{""abdomen"": 3}",distinct_landmarks,3,"{""distinct_landmarks"": 3}",3,3,0,0,3,True,True,skindeep_clinical_images,DLB_00012175.jpg,skindeep_clinical_images,Skin Deep: Paediatric Dermatology Image Resource,Skin Deep,True,False,False,False,False,RIGHT,MAJORITY_OR_FULL_CONSENSUS,FINAL,YES,YES,,,,,,,,
DLB_00012176,skindeep_clinical_images,images/DLB_00012176.jpg,3,Hana|Mitchell|Sakura,UNABLE_TO_DETERMINE,2,MAJORITY_2_OF_3,"{""BILATERAL_OR_MIDLINE"": 1, ""UNABLE_TO_DETERMINE"": 2}",0,0,1,2,0,0,0,3,abdomen,3,"{""abdomen"": 3}",distinct_landmarks,3,"{""distinct_landmarks"": 3}",3,3,0,0,3,False,False,skindeep_clinical_images,DLB_00012176.jpg,skindeep_clinical_images,Skin Deep: Paediatric Dermatology Image Resource,Skin Deep,True,False,False,True,False,BILATERAL_OR_MIDLINE,CLINICAL_EXPERT,FINAL,YES,NO,SkinDeep prior adjudication incorporated.,,,,,,,
DLB_00012177,skindeep_clinical_images,images/DLB_00012177.jpg,3,Avery|Hana|Sakura,RIGHT,3,FULL_AGREEMENT,"{""RIGHT"": 3}",0,3,0,0,0,0,3,3,foot,2,"{""foot"": 2, ""toe"": 1}",distinct_landmarks,3,"{""distinct_landmarks"": 3}",3,3,0,0,3,True,True,skindeep_clinical_images,DLB_00012177.jpg,skindeep_clinical_images,Skin Deep: Paediatric Dermatology Image Resource,Skin Deep,True,False,False,False,False,RIGHT,MAJORITY_OR_FULL_CONSENSUS,FINAL,YES,YES,,,,,,,,
DLB_00012178,skindeep_clinical_images,images/DLB_00012178.jpg,3,Avery|Mitchell|Sakura,UNABLE_TO_DETERMINE,2,MAJORITY_2_OF_3,"{""BILATERAL_OR_MIDLINE"": 1, ""UNABLE_TO_DETERMINE"": 2}",0,0,1,2,0,0,0,1,unable_to_determine,2,"{""back"": 1, ""unable_to_determine"": 2}",no_landmarks,2,"{""distinct_landmarks"": 1, ""no_landmarks"": 2}",1,1,0,0,2,False,False,skindeep_clinical_images,DLB_00012178.jpg,skindeep_clinical_images,Skin Deep: Paediatric Dermatology Image Resource,Skin Deep,True,False,False,True,False,BILATERAL_OR_MIDLINE,CLINICAL_EXPERT,FINAL,YES,NO,SkinDeep prior adjudication incorporated.,,,,,,,
DLB_00012179,skindeep_clinical_images,images/DLB_00012179.jpg,3,Avery|Hana|Mitchell,UNABLE_TO_DETERMINE,3,FULL_AGREEMENT,"{""UNABLE_TO_DETERMINE"": 3}",0,0,0,3,0,0,0,0,unable_to_determine,3,"{""unable_to_determine"": 3}",no_landmarks,3,"{""no_landmarks"": 3}",0,0,0,0,1,False,False,skindeep_clinical_images,DLB_00012179.jpg,skindeep_clinical_images,Skin Deep: Paediatric Dermatology Image Resource,Skin Deep,True,False,False,False,False,UNABLE_TO_DETERMINE,MAJORITY_OR_FULL_CONSENSUS,FINAL,YES,NO,,,,,,,,
DLB_00012180,skindeep_clinical_images,images/DLB_00012180.jpg,3,Hana|Mitchell|Sakura,UNABLE_TO_DETERMINE,2,MAJORITY_2_OF_3,"{""BILATERAL_OR_MIDLINE"": 1, ""UNABLE_TO_DETERMINE"": 2}",0,0,1,2,0,0,0,3,lower_leg,2,"{""lower_leg"": 2, ""multiple"": 1}",distinct_landmarks,3,"{""distinct_landmarks"": 3}",3,3,3,0,3,False,False,skindeep_clinical_images,DLB_00012180.jpg,skindeep_clinical_images,Skin Deep: Paediatric Dermatology Image Resource,Skin Deep,True,False,False,True,False,BILATERAL_OR_MIDLINE,CLINICAL_EXPERT,FINAL,YES,NO,SkinDeep prior adjudication incorporated.,,,,,,,
DLB_00012181,skindeep_clinical_images,images/DLB_00012181.jpg,3,Avery|Hana|Sakura,RIGHT,3,FULL_AGREEMENT,"{""RIGHT"": 3}",0,3,0,0,0,0,3,3,face,2,"{""face"": 2, ""other"": 1}",distinct_landmarks,3,"{""distinct_landmarks"": 3}",3,3,0,0,3,True,True,skindeep_clinical_images,DLB_00012181.jpg,skindeep_clinical_images,Skin Deep: Paediatric Dermatology Image Resource,Skin Deep,True,False,False,False,False,RIGHT,MAJORITY_OR_FULL_CONSENSUS,FINAL,YES,YES,,,,,,,,
DLB_00012182,skindeep_clinical_images,images/DLB_00012182.jpg,3,Avery|Mitchell|Sakura,UNABLE_TO_DETERMINE,3,FULL_AGREEMENT,"{""UNABLE_TO_DETERMINE"": 3}",0,0,0,3,0,0,0,0,unable_to_determine,3,"{""unable_to_determine"": 3}",no_landmarks,3,"{""no_landmarks"": 3}",0,0,0,0,1,False,False,skindeep_clinical_images,DLB_00012182.jpg,skindeep_clinical_images,Skin Deep: Paediatric Dermatology Image Resource,Skin Deep,True,False,False,False,False,UNABLE_TO_DETERMINE,MAJORITY_OR_FULL_CONSENSUS,FINAL,YES,NO,,,,,,,,
DLB_00012183,skindeep_clinical_images,images/DLB_00012183.jpg,3,Avery|Hana|Mitchell,LEFT,3,FULL_AGREEMENT,"{""LEFT"": 3}",3,0,0,0,0,0,3,3,face,2,"{""face"": 2, ""other"": 1}",distinct_landmarks,3,"{""distinct_landmarks"": 3}",3,3,0,0,3,True,True,skindeep_clinical_images,DLB_00012183.jpg,skindeep_clinical_images,Skin Deep: Paediatric Dermatology Image Resource,Skin Deep,True,False,False,False,False,LEFT,MAJORITY_OR_FULL_CONSENSUS,FINAL,YES,YES,,,,,,,,
DLB_00012184,skindeep_clinical_images,images/DLB_00012184.jpg,3,Hana|Mitchell|Sakura,RIGHT,3,FULL_AGREEMENT,"{""RIGHT"": 3}",0,3,0,0,0,0,3,3,face,2,"{""face"": 2, ""other"": 1}",distinct_landmarks,3,"{""distinct_landmarks"": 3}",3,3,0,0,3,True,True,skindeep_clinical_images,DLB_00012184.jpg,skindeep_clinical_images,Skin Deep: Paediatric Dermatology Image Resource,Skin Deep,True,False,False,False,False,RIGHT,MAJORITY_OR_FULL_CONSENSUS,FINAL,YES,YES,,,,,,,,
DLB_00012185,skindeep_clinical_images,images/DLB_00012185.jpg,3,Avery|Hana|Sakura,RIGHT,3,FULL_AGREEMENT,"{""RIGHT"": 3}",0,3,0,0,0,0,3,3,finger,3,"{""finger"": 3}",distinct_landmarks,3,"{""distinct_landmarks"": 3}",3,3,2,0,3,True,False,skindeep_clinical_images,DLB_00012185.jpg,skindeep_clinical_images,Skin Deep: Paediatric Dermatology Image Resource,Skin Deep,True,False,False,False,False,RIGHT,MANUAL_USER_CORRECTION,FINAL,YES,YES,Manual user correction: DLB_00012185 landmark visible YES; laterality determinable YES.,,,DISTINCT_LANDMARKS,COMPLETE,,YES,YES
DLB_00012186,skindeep_clinical_images,images/DLB_00012186.jpg,3,Avery|Mitchell|Sakura,UNABLE_TO_DETERMINE,3,FULL_AGREEMENT,"{""UNABLE_TO_DETERMINE"": 3}",0,0,0,3,0,0,0,0,unable_to_determine,3,"{""unable_to_determine"": 3}",no_landmarks,3,"{""no_landmarks"": 3}",0,0,0,0,1,False,False,skindeep_clinical_images,DLB_00012186.jpg,skindeep_clinical_images,Skin Deep: Paediatric Dermatology Image Resource,Skin Deep,True,False,False,False,False,UNABLE_TO_DETERMINE,MAJORITY_OR_FULL_CONSENSUS,FINAL,YES,NO,,,,,,,,
DLB_00012187,skindeep_clinical_images,images/DLB_00012187.jpg,3,Avery|Hana|Mitchell,LEFT,3,FULL_AGREEMENT,"{""LEFT"": 3}",3,0,0,0,0,0,3,3,neck,3,"{""neck"": 3}",distinct_landmarks,3,"{""distinct_landmarks"": 3}",3,3,3,0,3,True,False,skindeep_clinical_images,DLB_00012187.jpg,skindeep_clinical_images,Skin Deep: Paediatric Dermatology Image Resource,Skin Deep,True,False,False,False,False,LEFT,MAJORITY_OR_FULL_CONSENSUS,FINAL,YES,YES,,,,,,,,
DLB_00012188,skindeep_clinical_images,images/DLB_00012188.jpg,3,Hana|Mitchell|Sakura,UNABLE_TO_DETERMINE,3,FULL_AGREEMENT,"{""UNABLE_TO_DETERMINE"": 3}",0,0,0,3,0,0,0,0,unable_to_determine,3,"{""unable_to_determine"": 3}",no_landmarks,3,"{""no_landmarks"": 3}",0,0,0,0,2,False,False,skindeep_clinical_images,DLB_00012188.jpg,skindeep_clinical_images,Skin Deep: Paediatric Dermatology Image Resource,Skin Deep,True,False,False,False,False,UNABLE_TO_DETERMINE,MAJORITY_OR_FULL_CONSENSUS,FINAL,YES,NO,,,,,,,,
DLB_00012189,skindeep_clinical_images,images/DLB_00012189.jpg,3,Avery|Hana|Sakura,UNABLE_TO_DETERMINE,2,MAJORITY_2_OF_3,"{""RIGHT"": 1, ""UNABLE_TO_DETERMINE"": 2}",0,1,0,2,0,0,1,0,unable_to_determine,2,"{""thigh"": 1, ""unable_to_determine"": 2}",no_landmarks,2,"{""limited_landmarks"": 1, ""no_landmarks"": 2}",0,1,0,0,2,False,False,skindeep_clinical_images,DLB_00012189.jpg,skindeep_clinical_images,Skin Deep: Paediatric Dermatology Image Resource,Skin Deep,True,False,False,False,False,UNABLE_TO_DETERMINE,MAJORITY_OR_FULL_CONSENSUS,FINAL,YES,NO,,,,,,,,
DLB_00012190,skindeep_clinical_images,images/DLB_00012190.jpg,3,Avery|Mitchell|Sakura,LEFT,3,FULL_AGREEMENT,"{""LEFT"": 3}",3,0,0,0,0,0,3,3,knee,3,"{""knee"": 3}",distinct_landmarks,3,"{""distinct_landmarks"": 3}",3,3,2,0,3,True,False,skindeep_clinical_images,DLB_00012190.jpg,skindeep_clinical_images,Skin Deep: Paediatric Dermatology Image Resource,Skin Deep,True,False,False,False,False,LEFT,MAJORITY_OR_FULL_CONSENSUS,FINAL,YES,YES,,,,,,,,
DLB_00012191,skindeep_clinical_images,images/DLB_00012191.jpg,3,Avery|Hana|Mitchell,BILATERAL_OR_MIDLINE,2,MAJORITY_2_OF_3,"{""BILATERAL_OR_MIDLINE"": 2, ""UNABLE_TO_DETERMINE"": 1}",0,0,2,1,0,0,0,3,abdomen,3,"{""abdomen"": 3}",distinct_landmarks,3,"{""distinct_landmarks"": 3}",3,3,0,0,3,False,False,skindeep_clinical_images,DLB_00012191.jpg,skindeep_clinical_images,Skin Deep: Paediatric Dermatology Image Resource,Skin Deep,True,False,False,True,False,BILATERAL_OR_MIDLINE,AUTO_RULE_NONLR_ONLY_TO_BILATERAL_MIDLINE,FINAL,YES,NO,AUTO_RULE_ONLY_UTD_OR_BILATERAL_LABELS,,,,,,,
DLB_00012192,skindeep_clinical_images,images/DLB_00012192.jpg,3,Hana|Mitchell|Sakura,LEFT,2,MAJORITY_2_OF_3,"{""LEFT"": 2, ""UNABLE_TO_DETERMINE"": 1}",2,0,0,1,0,0,2,2,upper_arm,2,"{""unable_to_determine"": 1, ""upper_arm"": 2}",distinct_landmarks,1,"{""distinct_landmarks"": 1, ""limited_landmarks"": 1, ""no_landmarks"": 1}",1,2,0,0,2,False,False,skindeep_clinical_images,DLB_00012192.jpg,skindeep_clinical_images,Skin Deep: Paediatric Dermatology Image Resource,Skin Deep,True,False,False,False,False,LEFT,CLINICAL_EXPERT,FINAL,YES,YES,SkinDeep prior adjudication incorporated.,,,,,,,
DLB_00012193,skindeep_clinical_images,images/DLB_00012193.jpg,3,Avery|Hana|Sakura,RIGHT,2,MAJORITY_2_OF_3,"{""RIGHT"": 2, ""UNABLE_TO_DETERMINE"": 1}",0,2,0,1,0,0,2,2,foot,3,"{""foot"": 3}",limited_landmarks,2,"{""distinct_landmarks"": 1, ""limited_landmarks"": 2}",1,3,0,0,3,False,False,skindeep_clinical_images,DLB_00012193.jpg,skindeep_clinical_images,Skin Deep: Paediatric Dermatology Image Resource,Skin Deep,True,False,False,False,False,RIGHT,MAJORITY_OR_FULL_CONSENSUS,FINAL,YES,NO,,,,,,,,
DLB_00012194,skindeep_clinical_images,images/DLB_00012194.jpg,3,Avery|Mitchell|Sakura,LEFT,3,FULL_AGREEMENT,"{""LEFT"": 3}",3,0,0,0,0,0,3,3,face,3,"{""face"": 3}",distinct_landmarks,3,"{""distinct_landmarks"": 3}",3,3,0,0,3,True,True,skindeep_clinical_images,DLB_00012194.jpg,skindeep_clinical_images,Skin Deep: Paediatric Dermatology Image Resource,Skin Deep,True,False,False,False,False,LEFT,MAJORITY_OR_FULL_CONSENSUS,FINAL,YES,YES,,,,,,,,
DLB_00012195,skindeep_clinical_images,images/DLB_00012195.jpg,3,Avery|Hana|Mitchell,RIGHT,2,MAJORITY_2_OF_3,"{""BILATERAL_OR_MIDLINE"": 1, ""RIGHT"": 2}",0,2,1,0,0,0,2,3,lower_leg,2,"{""lower_leg"": 2, ""multiple"": 1}",distinct_landmarks,3,"{""distinct_landmarks"": 3}",3,3,3,0,3,True,False,skindeep_clinical_images,DLB_00012195.jpg,skindeep_clinical_images,Skin Deep: Paediatric Dermatology Image Resource,Skin Deep,True,False,False,False,False,RIGHT,CLINICAL_EXPERT,FINAL,YES,YES,SkinDeep prior adjudication incorporated.,,,,,,,
DLB_00012196,skindeep_clinical_images,images/DLB_00012196.jpg,3,Hana|Mitchell|Sakura,LEFT,3,FULL_AGREEMENT,"{""LEFT"": 3}",3,0,0,0,0,0,3,3,face,3,"{""face"": 3}",distinct_landmarks,3,"{""distinct_landmarks"": 3}",3,3,0,0,3,True,True,skindeep_clinical_images,DLB_00012196.jpg,skindeep_clinical_images,Skin Deep: Paediatric Dermatology Image Resource,Skin Deep,True,False,False,False,False,LEFT,MAJORITY_OR_FULL_CONSENSUS,FINAL,YES,YES,,,,,,,,
DLB_00012197,skindeep_clinical_images,images/DLB_00012197.jpg,3,Avery|Hana|Sakura,LEFT,2,MAJORITY_2_OF_3,"{""LEFT"": 2, ""RIGHT"": 1}",2,1,0,0,0,0,3,3,finger,3,"{""finger"": 3}",distinct_landmarks,3,"{""distinct_landmarks"": 3}",3,3,3,0,3,True,False,skindeep_clinical_images,DLB_00012197.jpg,skindeep_clinical_images,Skin Deep: Paediatric Dermatology Image Resource,Skin Deep,True,True,False,False,True,LEFT,CLINICAL_EXPERT,FINAL,YES,YES,SkinDeep prior adjudication incorporated.,,,,,,,
DLB_00012198,skindeep_clinical_images,images/DLB_00012198.jpg,3,Avery|Mitchell|Sakura,UNABLE_TO_DETERMINE,2,MAJORITY_2_OF_3,"{""BILATERAL_OR_MIDLINE"": 1, ""UNABLE_TO_DETERMINE"": 2}",0,0,1,2,0,0,0,1,neck,2,"{""neck"": 2, ""unable_to_determine"": 1}",distinct_landmarks,2,"{""distinct_landmarks"": 2, ""no_landmarks"": 1}",2,2,3,0,2,False,False,skindeep_clinical_images,DLB_00012198.jpg,skindeep_clinical_images,Skin Deep: Paediatric Dermatology Image Resource,Skin Deep,True,False,False,True,False,BILATERAL_OR_MIDLINE,AUTO_RULE_NONLR_ONLY_TO_BILATERAL_MIDLINE,FINAL,YES,NO,AUTO_RULE_ONLY_UTD_OR_BILATERAL_LABELS,,,,,,,
DLB_00012199,skindeep_clinical_images,images/DLB_00012199.jpg,3,Avery|Hana|Mitchell,LEFT,3,FULL_AGREEMENT,"{""LEFT"": 3}",3,0,0,0,0,0,3,3,face,3,"{""face"": 3}",distinct_landmarks,3,"{""distinct_landmarks"": 3}",3,3,0,0,3,True,True,skindeep_clinical_images,DLB_00012199.jpg,skindeep_clinical_images,Skin Deep: Paediatric Dermatology Image Resource,Skin Deep,True,False,False,False,False,LEFT,MAJORITY_OR_FULL_CONSENSUS,FINAL,YES,YES,,,,,,,,
DLB_00012200,skindeep_clinical_images,images/DLB_00012200.jpg,3,Hana|Mitchell|Sakura,NO_MAJORITY,1,THREE_WAY_DISAGREEMENT,"{""BILATERAL_OR_MIDLINE"": 1, ""LEFT"": 1, ""UNABLE_TO_DETERMINE"": 1}",1,0,1,1,0,0,1,2,chest,2,"{""chest"": 2, ""unable_to_determine"": 1}",distinct_landmarks,2,"{""distinct_landmarks"": 2, ""no_landmarks"": 1}",2,2,0,0,2,False,False,skindeep_clinical_images,DLB_00012200.jpg,skindeep_clinical_images,Skin Deep: Paediatric Dermatology Image Resource,Skin Deep,True,False,True,False,True,LEFT,CLINICAL_EXPERT,FINAL,YES,YES,SkinDeep prior adjudication incorporated.,,,,,,,
DLB_00012201,skindeep_clinical_images,images/DLB_00012201.jpg,3,Avery|Hana|Sakura,LEFT,2,MAJORITY_2_OF_3,"{""BILATERAL_OR_MIDLINE"": 1, ""LEFT"": 2}",2,0,1,0,0,0,2,3,multiple,1,"{""chest"": 1, ""multiple"": 1, ""neck"": 1}",distinct_landmarks,3,"{""distinct_landmarks"": 3}",3,3,0,0,3,True,True,skindeep_clinical_images,DLB_00012201.jpg,skindeep_clinical_images,Skin Deep: Paediatric Dermatology Image Resource,Skin Deep,True,False,False,False,False,BILATERAL_OR_MIDLINE,CLINICAL_EXPERT,FINAL,YES,NO,SkinDeep prior adjudication incorporated.,,,,,,,
DLB_00012202,skindeep_clinical_images,images/DLB_00012202.jpg,3,Avery|Mitchell|Sakura,BILATERAL_OR_MIDLINE,3,FULL_AGREEMENT,"{""BILATERAL_OR_MIDLINE"": 3}",0,0,3,0,0,0,0,3,back,3,"{""back"": 3}",distinct_landmarks,3,"{""distinct_landmarks"": 3}",3,3,1,0,3,False,False,skindeep_clinical_images,DLB_00012202.jpg,skindeep_clinical_images,Skin Deep: Paediatric Dermatology Image Resource,Skin Deep,True,False,False,False,False,BILATERAL_OR_MIDLINE,MAJORITY_OR_FULL_CONSENSUS,FINAL,YES,NO,,,,,,,,
DLB_00012203,skindeep_clinical_images,images/DLB_00012203.jpg,3,Avery|Hana|Mitchell,UNABLE_TO_DETERMINE,3,FULL_AGREEMENT,"{""UNABLE_TO_DETERMINE"": 3}",0,0,0,3,0,0,0,1,unable_to_determine,2,"{""chest"": 1, ""unable_to_determine"": 2}",no_landmarks,2,"{""distinct_landmarks"": 1, ""no_landmarks"": 2}",1,1,0,0,1,False,False,skindeep_clinical_images,DLB_00012203.jpg,skindeep_clinical_images,Skin Deep: Paediatric Dermatology Image Resource,Skin Deep,True,False,False,False,False,UNABLE_TO_DETERMINE,MAJORITY_OR_FULL_CONSENSUS,FINAL,YES,NO,,,,,,,,
DLB_00012204,skindeep_clinical_images,images/DLB_00012204.jpg,3,Hana|Mitchell|Sakura,UNABLE_TO_DETERMINE,2,MAJORITY_2_OF_3,"{""BILATERAL_OR_MIDLINE"": 1, ""UNABLE_TO_DETERMINE"": 2}",0,0,1,2,0,0,0,3,finger,3,"{""finger"": 3}",distinct_landmarks,3,"{""distinct_landmarks"": 3}",3,3,3,0,3,False,False,skindeep_clinical_images,DLB_00012204.jpg,skindeep_clinical_images,Skin Deep: Paediatric Dermatology Image Resource,Skin Deep,True,False,False,True,False,BILATERAL_OR_MIDLINE,CLINICAL_EXPERT,FINAL,YES,NO,SkinDeep prior adjudication incorporated.,,,,,,,
DLB_00012205,skindeep_clinical_images,images/DLB_00012205.jpg,3,Avery|Hana|Sakura,UNABLE_TO_DETERMINE,2,MAJORITY_2_OF_3,"{""BILATERAL_OR_MIDLINE"": 1, ""UNABLE_TO_DETERMINE"": 2}",0,0,1,2,0,0,0,3,face,3,"{""face"": 3}",distinct_landmarks,3,"{""distinct_landmarks"": 3}",3,3,0,0,3,False,False,skindeep_clinical_images,DLB_00012205.jpg,skindeep_clinical_images,Skin Deep: Paediatric Dermatology Image Resource,Skin Deep,True,False,False,True,False,BILATERAL_OR_MIDLINE,CLINICAL_EXPERT,FINAL,YES,NO,SkinDeep prior adjudication incorporated.,,,,,,,
DLB_00012206,skindeep_clinical_images,images/DLB_00012206.jpg,3,Avery|Mitchell|Sakura,RIGHT,3,FULL_AGREEMENT,"{""RIGHT"": 3}",0,3,0,0,0,0,3,3,face,3,"{""face"": 3}",distinct_landmarks,3,"{""distinct_landmarks"": 3}",3,3,0,0,3,True,True,skindeep_clinical_images,DLB_00012206.jpg,skindeep_clinical_images,Skin Deep: Paediatric Dermatology Image Resource,Skin Deep,True,False,False,False,False,RIGHT,MAJORITY_OR_FULL_CONSENSUS,FINAL,YES,YES,,,,,,,,
DLB_00012207,skindeep_clinical_images,images/DLB_00012207.jpg,3,Avery|Hana|Mitchell,UNABLE_TO_DETERMINE,3,FULL_AGREEMENT,"{""UNABLE_TO_DETERMINE"": 3}",0,0,0,3,0,0,0,0,unable_to_determine,3,"{""unable_to_determine"": 3}",no_landmarks,3,"{""no_landmarks"": 3}",0,0,0,0,1,False,False,skindeep_clinical_images,DLB_00012207.jpg,skindeep_clinical_images,Skin Deep: Paediatric Dermatology Image Resource,Skin Deep,True,False,False,False,False,UNABLE_TO_DETERMINE,MAJORITY_OR_FULL_CONSENSUS,FINAL,YES,NO,,,,,,,,
DLB_00012208,skindeep_clinical_images,images/DLB_00012208.jpg,3,Hana|Mitchell|Sakura,UNABLE_TO_DETERMINE,2,MAJORITY_2_OF_3,"{""LEFT"": 1, ""UNABLE_TO_DETERMINE"": 2}",1,0,0,2,0,0,1,0,unable_to_determine,2,"{""back"": 1, ""unable_to_determine"": 2}",no_landmarks,2,"{""limited_landmarks"": 1, ""no_landmarks"": 2}",0,1,0,0,2,False,False,skindeep_clinical_images,DLB_00012208.jpg,skindeep_clinical_images,Skin Deep: Paediatric Dermatology Image Resource,Skin Deep,True,False,False,False,False,UNABLE_TO_DETERMINE,MAJORITY_OR_FULL_CONSENSUS,FINAL,YES,NO,,,,,,,,
DLB_00012209,skindeep_clinical_images,images/DLB_00012209.jpg,3,Avery|Hana|Sakura,UNABLE_TO_DETERMINE,2,MAJORITY_2_OF_3,"{""BILATERAL_OR_MIDLINE"": 1, ""UNABLE_TO_DETERMINE"": 2}",0,0,1,2,0,0,0,3,multiple,2,"{""abdomen"": 1, ""multiple"": 2}",distinct_landmarks,3,"{""distinct_landmarks"": 3}",3,3,2,0,3,False,False,skindeep_clinical_images,DLB_00012209.jpg,skindeep_clinical_images,Skin Deep: Paediatric Dermatology Image Resource,Skin Deep,True,False,False,True,False,BILATERAL_OR_MIDLINE,CLINICAL_EXPERT,FINAL,YES,NO,SkinDeep prior adjudication incorporated.,,,,,,,
DLB_00012210,skindeep_clinical_images,images/DLB_00012210.jpg,3,Avery|Mitchell|Sakura,UNABLE_TO_DETERMINE,3,FULL_AGREEMENT,"{""UNABLE_TO_DETERMINE"": 3}",0,0,0,3,0,0,0,0,unable_to_determine,2,"{""unable_to_determine"": 2, ""upper_arm"": 1}",no_landmarks,3,"{""no_landmarks"": 3}",0,0,0,0,1,False,False,skindeep_clinical_images,DLB_00012210.jpg,skindeep_clinical_images,Skin Deep: Paediatric Dermatology Image Resource,Skin Deep,True,False,False,False,False,UNABLE_TO_DETERMINE,MAJORITY_OR_FULL_CONSENSUS,FINAL,YES,NO,,,,,,,,
DLB_00012211,skindeep_clinical_images,images/DLB_00012211.jpg,3,Avery|Hana|Mitchell,RIGHT,2,MAJORITY_2_OF_3,"{""RIGHT"": 2, ""UNABLE_TO_DETERMINE"": 1}",0,2,0,1,0,0,2,2,forearm,3,"{""forearm"": 3}",distinct_landmarks,2,"{""distinct_landmarks"": 2, ""limited_landmarks"": 1}",2,3,0,0,3,True,True,skindeep_clinical_images,DLB_00012211.jpg,skindeep_clinical_images,Skin Deep: Paediatric Dermatology Image Resource,Skin Deep,True,False,False,False,False,RIGHT,MAJORITY_OR_FULL_CONSENSUS,FINAL,YES,YES,,,,,,,,
DLB_00012212,skindeep_clinical_images,images/DLB_00012212.jpg,3,Hana|Mitchell|Sakura,UNABLE_TO_DETERMINE,2,MAJORITY_2_OF_3,"{""BILATERAL_OR_MIDLINE"": 1, ""UNABLE_TO_DETERMINE"": 2}",0,0,1,2,0,0,0,3,back,2,"{""back"": 2, ""multiple"": 1}",distinct_landmarks,3,"{""distinct_landmarks"": 3}",3,3,3,0,3,False,False,skindeep_clinical_images,DLB_00012212.jpg,skindeep_clinical_images,Skin Deep: Paediatric Dermatology Image Resource,Skin Deep,True,False,False,True,False,BILATERAL_OR_MIDLINE,CLINICAL_EXPERT,FINAL,YES,NO,SkinDeep prior adjudication incorporated.,,,,,,,
DLB_00012213,skindeep_clinical_images,images/DLB_00012213.jpg,3,Avery|Hana|Sakura,NO_MAJORITY,1,THREE_WAY_DISAGREEMENT,"{""BILATERAL_OR_MIDLINE"": 1, ""LEFT"": 1, ""UNABLE_TO_DETERMINE"": 1}",1,0,1,1,0,0,1,3,multiple,1,"{""finger"": 1, ""hand"": 1, ""multiple"": 1}",distinct_landmarks,3,"{""distinct_landmarks"": 3}",3,3,2,0,3,False,False,skindeep_clinical_images,DLB_00012213.jpg,skindeep_clinical_images,Skin Deep: Paediatric Dermatology Image Resource,Skin Deep,True,False,True,False,True,BILATERAL_OR_MIDLINE,CLINICAL_EXPERT_ADJUDICATION_NEW_EXPORT,FINAL,YES,NO,,,multiple,DISTINCT_LANDMARKS,COMPLETE,DLB_ADJ_00650,,
DLB_00012214,skindeep_clinical_images,images/DLB_00012214.jpg,3,Avery|Mitchell|Sakura,UNABLE_TO_DETERMINE,3,FULL_AGREEMENT,"{""UNABLE_TO_DETERMINE"": 3}",0,0,0,3,0,0,0,0,unable_to_determine,3,"{""unable_to_determine"": 3}",no_landmarks,3,"{""no_landmarks"": 3}",0,0,0,0,1,False,False,skindeep_clinical_images,DLB_00012214.jpg,skindeep_clinical_images,Skin Deep: Paediatric Dermatology Image Resource,Skin Deep,True,False,False,False,False,UNABLE_TO_DETERMINE,MAJORITY_OR_FULL_CONSENSUS,FINAL,YES,NO,,,,,,,,
DLB_00012215,skindeep_clinical_images,images/DLB_00012215.jpg,3,Avery|Hana|Mitchell,BILATERAL_OR_MIDLINE,2,MAJORITY_2_OF_3,"{""BILATERAL_OR_MIDLINE"": 2, ""RIGHT"": 1}",0,1,2,0,0,0,1,3,neck,2,"{""multiple"": 1, ""neck"": 2}",distinct_landmarks,3,"{""distinct_landmarks"": 3}",3,3,0,0,3,False,False,skindeep_clinical_images,DLB_00012215.jpg,skindeep_clinical_images,Skin Deep: Paediatric Dermatology Image Resource,Skin Deep,True,False,False,False,False,BILATERAL_OR_MIDLINE,MAJORITY_OR_FULL_CONSENSUS,FINAL,YES,NO,,,,,,,,
DLB_00012216,skindeep_clinical_images,images/DLB_00012216.jpg,3,Hana|Mitchell|Sakura,UNABLE_TO_DETERMINE,3,FULL_AGREEMENT,"{""UNABLE_TO_DETERMINE"": 3}",0,0,0,3,0,0,0,0,forearm,1,"{""forearm"": 1, ""unable_to_determine"": 1, ""upper_arm"": 1}",limited_landmarks,2,"{""limited_landmarks"": 2, ""no_landmarks"": 1}",0,2,0,0,2,False,False,skindeep_clinical_images,DLB_00012216.jpg,skindeep_clinical_images,Skin Deep: Paediatric Dermatology Image Resource,Skin Deep,True,False,False,False,False,UNABLE_TO_DETERMINE,MAJORITY_OR_FULL_CONSENSUS,FINAL,YES,NO,,,,,,,,
DLB_00012217,skindeep_clinical_images,images/DLB_00012217.jpg,3,Avery|Hana|Sakura,BILATERAL_OR_MIDLINE,3,FULL_AGREEMENT,"{""BILATERAL_OR_MIDLINE"": 3}",0,0,3,0,0,0,0,3,scalp,3,"{""scalp"": 3}",distinct_landmarks,3,"{""distinct_landmarks"": 3}",3,3,1,0,3,False,False,skindeep_clinical_images,DLB_00012217.jpg,skindeep_clinical_images,Skin Deep: Paediatric Dermatology Image Resource,Skin Deep,True,False,False,False,False,BILATERAL_OR_MIDLINE,MAJORITY_OR_FULL_CONSENSUS,FINAL,YES,NO,,,,,,,,
DLB_00012218,skindeep_clinical_images,images/DLB_00012218.jpg,3,Avery|Mitchell|Sakura,BILATERAL_OR_MIDLINE,3,FULL_AGREEMENT,"{""BILATERAL_OR_MIDLINE"": 3}",0,0,3,0,0,0,0,3,other,2,"{""multiple"": 1, ""other"": 2}",distinct_landmarks,3,"{""distinct_landmarks"": 3}",3,3,0,0,3,False,False,skindeep_clinical_images,DLB_00012218.jpg,skindeep_clinical_images,Skin Deep: Paediatric Dermatology Image Resource,Skin Deep,True,False,False,False,False,BILATERAL_OR_MIDLINE,MAJORITY_OR_FULL_CONSENSUS,FINAL,YES,NO,,,,,,,,
DLB_00012219,skindeep_clinical_images,images/DLB_00012219.jpg,3,Avery|Hana|Mitchell,BILATERAL_OR_MIDLINE,3,FULL_AGREEMENT,"{""BILATERAL_OR_MIDLINE"": 3}",0,0,3,0,0,0,0,3,other,2,"{""face"": 1, ""other"": 2}",distinct_landmarks,3,"{""distinct_landmarks"": 3}",3,3,3,0,3,False,False,skindeep_clinical_images,DLB_00012219.jpg,skindeep_clinical_images,Skin Deep: Paediatric Dermatology Image Resource,Skin Deep,True,False,False,False,False,BILATERAL_OR_MIDLINE,MAJORITY_OR_FULL_CONSENSUS,FINAL,YES,NO,,,,,,,,
DLB_00012220,skindeep_clinical_images,images/DLB_00012220.jpg,3,Hana|Mitchell|Sakura,BILATERAL_OR_MIDLINE,3,FULL_AGREEMENT,"{""BILATERAL_OR_MIDLINE"": 3}",0,0,3,0,0,0,0,3,abdomen,3,"{""abdomen"": 3}",distinct_landmarks,3,"{""distinct_landmarks"": 3}",3,3,0,0,3,False,False,skindeep_clinical_images,DLB_00012220.jpg,skindeep_clinical_images,Skin Deep: Paediatric Dermatology Image Resource,Skin Deep,True,False,False,False,False,BILATERAL_OR_MIDLINE,MAJORITY_OR_FULL_CONSENSUS,FINAL,YES,NO,,,,,,,,
DLB_00012221,skindeep_clinical_images,images/DLB_00012221.jpg,3,Avery|Hana|Sakura,BILATERAL_OR_MIDLINE,3,FULL_AGREEMENT,"{""BILATERAL_OR_MIDLINE"": 3}",0,0,3,0,0,0,0,3,other,3,"{""other"": 3}",distinct_landmarks,3,"{""distinct_landmarks"": 3}",3,3,2,0,3,False,False,skindeep_clinical_images,DLB_00012221.jpg,skindeep_clinical_images,Skin Deep: Paediatric Dermatology Image Resource,Skin Deep,True,False,False,False,False,BILATERAL_OR_MIDLINE,MAJORITY_OR_FULL_CONSENSUS,FINAL,YES,NO,,,,,,,,
DLB_00012222,skindeep_clinical_images,images/DLB_00012222.jpg,3,Avery|Mitchell|Sakura,BILATERAL_OR_MIDLINE,2,MAJORITY_2_OF_3,"{""BILATERAL_OR_MIDLINE"": 2, ""RIGHT"": 1}",0,1,2,0,0,0,1,2,face,2,"{""face"": 2, ""other"": 1}",distinct_landmarks,3,"{""distinct_landmarks"": 3}",3,3,0,0,3,False,False,skindeep_clinical_images,DLB_00012222.jpg,skindeep_clinical_images,Skin Deep: Paediatric Dermatology Image Resource,Skin Deep,True,False,False,False,False,BILATERAL_OR_MIDLINE,MANUAL_USER_CORRECTION,FINAL,YES,NO,Manual user correction: DLB_00012222 = BILATERAL_OR_MIDLINE; confidence HIGH.,HIGH,,,COMPLETE,,NO,
DLB_00012223,skindeep_clinical_images,images/DLB_00012223.jpg,3,Avery|Hana|Mitchell,LEFT,2,MAJORITY_2_OF_3,"{""LEFT"": 2, ""UNABLE_TO_DETERMINE"": 1}",2,0,0,1,0,0,2,2,lower_leg,2,"{""lower_leg"": 2, ""multiple"": 1}",distinct_landmarks,2,"{""distinct_landmarks"": 2, ""limited_landmarks"": 1}",2,3,1,0,3,True,False,skindeep_clinical_images,DLB_00012223.jpg,skindeep_clinical_images,Skin Deep: Paediatric Dermatology Image Resource,Skin Deep,True,False,False,False,False,LEFT,MAJORITY_OR_FULL_CONSENSUS,FINAL,YES,YES,,,,,,,,
DLB_00012224,skindeep_clinical_images,images/DLB_00012224.jpg,3,Hana|Mitchell|Sakura,LEFT,2,MAJORITY_2_OF_3,"{""LEFT"": 2, ""UNABLE_TO_DETERMINE"": 1}",2,0,0,1,0,0,2,3,finger,3,"{""finger"": 3}",distinct_landmarks,3,"{""distinct_landmarks"": 3}",3,3,2,0,3,True,False,skindeep_clinical_images,DLB_00012224.jpg,skindeep_clinical_images,Skin Deep: Paediatric Dermatology Image Resource,Skin Deep,True,False,False,False,False,RIGHT,MANUAL_USER_CORRECTION,FINAL,YES,YES,Manual user correction: DLB_00012224 = RIGHT.,,,,COMPLETE,,,
DLB_00012225,skindeep_clinical_images,images/DLB_00012225.jpg,3,Avery|Hana|Sakura,LEFT,3,FULL_AGREEMENT,"{""LEFT"": 3}",3,0,0,0,0,0,3,3,foot,3,"{""foot"": 3}",distinct_landmarks,3,"{""distinct_landmarks"": 3}",3,3,0,0,3,True,True,skindeep_clinical_images,DLB_00012225.jpg,skindeep_clinical_images,Skin Deep: Paediatric Dermatology Image Resource,Skin Deep,True,False,False,False,False,LEFT,MAJORITY_OR_FULL_CONSENSUS,FINAL,YES,YES,,,,,,,,
DLB_00012226,skindeep_clinical_images,images/DLB_00012226.jpg,3,Avery|Mitchell|Sakura,RIGHT,2,MAJORITY_2_OF_3,"{""BILATERAL_OR_MIDLINE"": 1, ""RIGHT"": 2}",0,2,1,0,0,0,2,3,scalp,3,"{""scalp"": 3}",distinct_landmarks,3,"{""distinct_landmarks"": 3}",3,3,0,0,3,True,True,skindeep_clinical_images,DLB_00012226.jpg,skindeep_clinical_images,Skin Deep: Paediatric Dermatology Image Resource,Skin Deep,True,False,False,False,False,RIGHT,MAJORITY_OR_FULL_CONSENSUS,FINAL,YES,YES,,,,,,,,
DLB_00012227,skindeep_clinical_images,images/DLB_00012227.jpg,3,Avery|Hana|Mitchell,UNABLE_TO_DETERMINE,2,MAJORITY_2_OF_3,"{""LEFT"": 1, ""UNABLE_TO_DETERMINE"": 2}",1,0,0,2,0,0,1,1,unable_to_determine,2,"{""back"": 1, ""unable_to_determine"": 2}",no_landmarks,2,"{""distinct_landmarks"": 1, ""no_landmarks"": 2}",1,1,0,0,1,False,False,skindeep_clinical_images,DLB_00012227.jpg,skindeep_clinical_images,Skin Deep: Paediatric Dermatology Image Resource,Skin Deep,True,False,False,False,False,UNABLE_TO_DETERMINE,MAJORITY_OR_FULL_CONSENSUS,FINAL,YES,NO,,,,,,,,
DLB_00012228,skindeep_clinical_images,images/DLB_00012228.jpg,3,Hana|Mitchell|Sakura,LEFT,3,FULL_AGREEMENT,"{""LEFT"": 3}",3,0,0,0,0,0,3,3,face,3,"{""face"": 3}",distinct_landmarks,3,"{""distinct_landmarks"": 3}",3,3,0,0,3,True,True,skindeep_clinical_images,DLB_00012228.jpg,skindeep_clinical_images,Skin Deep: Paediatric Dermatology Image Resource,Skin Deep,True,False,False,False,False,LEFT,MAJORITY_OR_FULL_CONSENSUS,FINAL,YES,YES,,,,,,,,
DLB_00012229,skindeep_clinical_images,images/DLB_00012229.jpg,3,Avery|Hana|Sakura,RIGHT,2,MAJORITY_2_OF_3,"{""BILATERAL_OR_MIDLINE"": 1, ""RIGHT"": 2}",0,2,1,0,0,0,2,3,face,2,"{""face"": 2, ""other"": 1}",distinct_landmarks,3,"{""distinct_landmarks"": 3}",3,3,1,0,3,True,False,skindeep_clinical_images,DLB_00012229.jpg,skindeep_clinical_images,Skin Deep: Paediatric Dermatology Image Resource,Skin Deep,True,False,False,False,False,RIGHT,MAJORITY_OR_FULL_CONSENSUS,FINAL,YES,YES,,,,,,,,
DLB_00012230,skindeep_clinical_images,images/DLB_00012230.jpg,3,Avery|Mitchell|Sakura,UNABLE_TO_DETERMINE,2,MAJORITY_2_OF_3,"{""LEFT"": 1, ""UNABLE_TO_DETERMINE"": 2}",1,0,0,2,0,0,1,1,unable_to_determine,2,"{""forearm"": 1, ""unable_to_determine"": 2}",no_landmarks,2,"{""distinct_landmarks"": 1, ""no_landmarks"": 2}",1,1,3,0,1,False,False,skindeep_clinical_images,DLB_00012230.jpg,skindeep_clinical_images,Skin Deep: Paediatric Dermatology Image Resource,Skin Deep,True,False,False,False,False,UNABLE_TO_DETERMINE,MAJORITY_OR_FULL_CONSENSUS,FINAL,YES,NO,,,,,,,,
DLB_00012231,skindeep_clinical_images,images/DLB_00012231.jpg,3,Avery|Hana|Mitchell,BILATERAL_OR_MIDLINE,3,FULL_AGREEMENT,"{""BILATERAL_OR_MIDLINE"": 3}",0,0,3,0,0,0,0,3,scalp,3,"{""scalp"": 3}",distinct_landmarks,3,"{""distinct_landmarks"": 3}",3,3,0,0,3,False,False,skindeep_clinical_images,DLB_00012231.jpg,skindeep_clinical_images,Skin Deep: Paediatric Dermatology Image Resource,Skin Deep,True,False,False,False,False,BILATERAL_OR_MIDLINE,MAJORITY_OR_FULL_CONSENSUS,FINAL,YES,NO,,,,,,,,
DLB_00012232,skindeep_clinical_images,images/DLB_00012232.jpg,3,Hana|Mitchell|Sakura,LEFT,3,FULL_AGREEMENT,"{""LEFT"": 3}",3,0,0,0,0,0,3,3,hand,3,"{""hand"": 3}",distinct_landmarks,3,"{""distinct_landmarks"": 3}",3,3,1,0,3,True,False,skindeep_clinical_images,DLB_00012232.jpg,skindeep_clinical_images,Skin Deep: Paediatric Dermatology Image Resource,Skin Deep,True,False,False,False,False,LEFT,MAJORITY_OR_FULL_CONSENSUS,FINAL,YES,YES,,,,,,,,
DLB_00012233,skindeep_clinical_images,images/DLB_00012233.jpg,3,Avery|Hana|Sakura,UNABLE_TO_DETERMINE,2,MAJORITY_2_OF_3,"{""RIGHT"": 1, ""UNABLE_TO_DETERMINE"": 2}",0,1,0,2,0,0,1,1,lower_leg,1,"{""forearm"": 1, ""lower_leg"": 1, ""unable_to_determine"": 1}",distinct_landmarks,1,"{""distinct_landmarks"": 1, ""limited_landmarks"": 1, ""no_landmarks"": 1}",1,2,2,0,3,False,False,skindeep_clinical_images,DLB_00012233.jpg,skindeep_clinical_images,Skin Deep: Paediatric Dermatology Image Resource,Skin Deep,True,False,False,False,False,UNABLE_TO_DETERMINE,MAJORITY_OR_FULL_CONSENSUS,FINAL,YES,NO,,,,,,,,
DLB_00012234,skindeep_clinical_images,images/DLB_00012234.jpg,3,Avery|Mitchell|Sakura,BILATERAL_OR_MIDLINE,3,FULL_AGREEMENT,"{""BILATERAL_OR_MIDLINE"": 3}",0,0,3,0,0,0,0,3,face,2,"{""face"": 2, ""other"": 1}",distinct_landmarks,3,"{""distinct_landmarks"": 3}",3,3,0,0,3,False,False,skindeep_clinical_images,DLB_00012234.jpg,skindeep_clinical_images,Skin Deep: Paediatric Dermatology Image Resource,Skin Deep,True,False,False,False,False,BILATERAL_OR_MIDLINE,MAJORITY_OR_FULL_CONSENSUS,FINAL,YES,NO,,,,,,,,
DLB_00012235,skindeep_clinical_images,images/DLB_00012235.jpg,3,Avery|Hana|Mitchell,BILATERAL_OR_MIDLINE,2,MAJORITY_2_OF_3,"{""BILATERAL_OR_MIDLINE"": 2, ""UNABLE_TO_DETERMINE"": 1}",0,0,2,1,0,0,0,3,abdomen,2,"{""abdomen"": 2, ""multiple"": 1}",distinct_landmarks,3,"{""distinct_landmarks"": 3}",3,3,1,0,3,False,False,skindeep_clinical_images,DLB_00012235.jpg,skindeep_clinical_images,Skin Deep: Paediatric Dermatology Image Resource,Skin Deep,True,False,False,True,False,BILATERAL_OR_MIDLINE,AUTO_RULE_NONLR_ONLY_TO_BILATERAL_MIDLINE,FINAL,YES,NO,AUTO_RULE_ONLY_UTD_OR_BILATERAL_LABELS,,,,,,,
DLB_00012236,skindeep_clinical_images,images/DLB_00012236.jpg,3,Hana|Mitchell|Sakura,RIGHT,3,FULL_AGREEMENT,"{""RIGHT"": 3}",0,3,0,0,0,0,3,3,knee,3,"{""knee"": 3}",distinct_landmarks,3,"{""distinct_landmarks"": 3}",3,3,3,0,3,True,False,skindeep_clinical_images,DLB_00012236.jpg,skindeep_clinical_images,Skin Deep: Paediatric Dermatology Image Resource,Skin Deep,True,False,False,False,False,RIGHT,MAJORITY_OR_FULL_CONSENSUS,FINAL,YES,YES,,,,,,,,
DLB_00012237,skindeep_clinical_images,images/DLB_00012237.jpg,3,Avery|Hana|Sakura,UNABLE_TO_DETERMINE,2,MAJORITY_2_OF_3,"{""BILATERAL_OR_MIDLINE"": 1, ""UNABLE_TO_DETERMINE"": 2}",0,0,1,2,0,0,0,3,buttock,2,"{""buttock"": 2, ""other"": 1}",distinct_landmarks,3,"{""distinct_landmarks"": 3}",3,3,2,0,3,False,False,skindeep_clinical_images,DLB_00012237.jpg,skindeep_clinical_images,Skin Deep: Paediatric Dermatology Image Resource,Skin Deep,True,False,False,True,False,BILATERAL_OR_MIDLINE,AUTO_RULE_NONLR_ONLY_TO_BILATERAL_MIDLINE,FINAL,YES,NO,AUTO_RULE_ONLY_UTD_OR_BILATERAL_LABELS,,,,,,,
DLB_00012238,skindeep_clinical_images,images/DLB_00012238.jpg,3,Avery|Mitchell|Sakura,UNABLE_TO_DETERMINE,3,FULL_AGREEMENT,"{""UNABLE_TO_DETERMINE"": 3}",0,0,0,3,0,0,0,0,unable_to_determine,2,"{""forearm"": 1, ""unable_to_determine"": 2}",no_landmarks,2,"{""limited_landmarks"": 1, ""no_landmarks"": 2}",0,1,0,0,1,False,False,skindeep_clinical_images,DLB_00012238.jpg,skindeep_clinical_images,Skin Deep: Paediatric Dermatology Image Resource,Skin Deep,True,False,False,False,False,UNABLE_TO_DETERMINE,MAJORITY_OR_FULL_CONSENSUS,FINAL,YES,NO,,,,,,,,
DLB_00012239,skindeep_clinical_images,images/DLB_00012239.jpg,3,Avery|Hana|Mitchell,BILATERAL_OR_MIDLINE,2,MAJORITY_2_OF_3,"{""BILATERAL_OR_MIDLINE"": 2, ""UNABLE_TO_DETERMINE"": 1}",0,0,2,1,0,0,0,3,neck,2,"{""multiple"": 1, ""neck"": 2}",distinct_landmarks,3,"{""distinct_landmarks"": 3}",3,3,0,0,3,False,False,skindeep_clinical_images,DLB_00012239.jpg,skindeep_clinical_images,Skin Deep: Paediatric Dermatology Image Resource,Skin Deep,True,False,False,True,False,BILATERAL_OR_MIDLINE,AUTO_RULE_NONLR_ONLY_TO_BILATERAL_MIDLINE,FINAL,YES,NO,AUTO_RULE_ONLY_UTD_OR_BILATERAL_LABELS,,,,,,,
DLB_00012240,skindeep_clinical_images,images/DLB_00012240.jpg,3,Hana|Mitchell|Sakura,RIGHT,2,MAJORITY_2_OF_3,"{""BILATERAL_OR_MIDLINE"": 1, ""RIGHT"": 2}",0,2,1,0,0,0,2,3,abdomen,3,"{""abdomen"": 3}",distinct_landmarks,3,"{""distinct_landmarks"": 3}",3,3,0,0,3,True,True,skindeep_clinical_images,DLB_00012240.jpg,skindeep_clinical_images,Skin Deep: Paediatric Dermatology Image Resource,Skin Deep,True,False,False,False,False,RIGHT,MAJORITY_OR_FULL_CONSENSUS,FINAL,YES,YES,,,,,,,,
DLB_00012241,skindeep_clinical_images,images/DLB_00012241.jpg,3,Avery|Hana|Sakura,LEFT,2,MAJORITY_2_OF_3,"{""LEFT"": 2, ""UNABLE_TO_DETERMINE"": 1}",2,0,0,1,0,0,2,2,lower_leg,2,"{""lower_leg"": 2, ""multiple"": 1}",distinct_landmarks,2,"{""distinct_landmarks"": 2, ""limited_landmarks"": 1}",2,3,0,0,3,True,True,skindeep_clinical_images,DLB_00012241.jpg,skindeep_clinical_images,Skin Deep: Paediatric Dermatology Image Resource,Skin Deep,True,False,False,False,False,LEFT,MAJORITY_OR_FULL_CONSENSUS,FINAL,YES,YES,,,,,,,,
DLB_00012242,skindeep_clinical_images,images/DLB_00012242.jpg,3,Avery|Mitchell|Sakura,LEFT,3,FULL_AGREEMENT,"{""LEFT"": 3}",3,0,0,0,0,0,3,3,foot,3,"{""foot"": 3}",distinct_landmarks,3,"{""distinct_landmarks"": 3}",3,3,3,0,3,True,False,skindeep_clinical_images,DLB_00012242.jpg,skindeep_clinical_images,Skin Deep: Paediatric Dermatology Image Resource,Skin Deep,True,False,False,False,False,LEFT,MAJORITY_OR_FULL_CONSENSUS,FINAL,YES,YES,,,,,,,,
DLB_00012243,skindeep_clinical_images,images/DLB_00012243.jpg,3,Avery|Hana|Mitchell,RIGHT,3,FULL_AGREEMENT,"{""RIGHT"": 3}",0,3,0,0,0,0,3,3,hand,2,"{""forearm"": 1, ""hand"": 2}",distinct_landmarks,3,"{""distinct_landmarks"": 3}",3,3,3,0,3,True,False,skindeep_clinical_images,DLB_00012243.jpg,skindeep_clinical_images,Skin Deep: Paediatric Dermatology Image Resource,Skin Deep,True,False,False,False,False,RIGHT,MAJORITY_OR_FULL_CONSENSUS,FINAL,YES,YES,,,,,,,,
DLB_00012244,skindeep_clinical_images,images/DLB_00012244.jpg,3,Hana|Mitchell|Sakura,RIGHT,3,FULL_AGREEMENT,"{""RIGHT"": 3}",0,3,0,0,0,0,3,3,abdomen,3,"{""abdomen"": 3}",distinct_landmarks,3,"{""distinct_landmarks"": 3}",3,3,1,0,3,True,False,skindeep_clinical_images,DLB_00012244.jpg,skindeep_clinical_images,Skin Deep: Paediatric Dermatology Image Resource,Skin Deep,True,False,False,False,False,RIGHT,MAJORITY_OR_FULL_CONSENSUS,FINAL,YES,YES,,,,,,,,
DLB_00012245,skindeep_clinical_images,images/DLB_00012245.jpg,3,Avery|Hana|Sakura,BILATERAL_OR_MIDLINE,3,FULL_AGREEMENT,"{""BILATERAL_OR_MIDLINE"": 3}",0,0,3,0,0,0,0,3,neck,3,"{""neck"": 3}",distinct_landmarks,3,"{""distinct_landmarks"": 3}",3,3,0,0,3,False,False,skindeep_clinical_images,DLB_00012245.jpg,skindeep_clinical_images,Skin Deep: Paediatric Dermatology Image Resource,Skin Deep,True,False,False,False,False,BILATERAL_OR_MIDLINE,MAJORITY_OR_FULL_CONSENSUS,FINAL,YES,NO,,,,,,,,
DLB_00012246,skindeep_clinical_images,images/DLB_00012246.jpg,3,Avery|Mitchell|Sakura,RIGHT,3,FULL_AGREEMENT,"{""RIGHT"": 3}",0,3,0,0,0,0,3,3,neck,2,"{""multiple"": 1, ""neck"": 2}",distinct_landmarks,3,"{""distinct_landmarks"": 3}",3,3,0,0,3,True,True,skindeep_clinical_images,DLB_00012246.jpg,skindeep_clinical_images,Skin Deep: Paediatric Dermatology Image Resource,Skin Deep,True,False,False,False,False,RIGHT,MAJORITY_OR_FULL_CONSENSUS,FINAL,YES,YES,,,,,,,,
DLB_00012247,skindeep_clinical_images,images/DLB_00012247.jpg,3,Avery|Hana|Mitchell,BILATERAL_OR_MIDLINE,2,MAJORITY_2_OF_3,"{""BILATERAL_OR_MIDLINE"": 2, ""RIGHT"": 1}",0,1,2,0,0,0,1,3,chest,2,"{""abdomen"": 1, ""chest"": 2}",distinct_landmarks,3,"{""distinct_landmarks"": 3}",3,3,0,0,3,False,False,skindeep_clinical_images,DLB_00012247.jpg,skindeep_clinical_images,Skin Deep: Paediatric Dermatology Image Resource,Skin Deep,True,False,False,False,False,BILATERAL_OR_MIDLINE,MAJORITY_OR_FULL_CONSENSUS,FINAL,YES,NO,,,,,,,,
DLB_00012248,skindeep_clinical_images,images/DLB_00012248.jpg,3,Hana|Mitchell|Sakura,UNABLE_TO_DETERMINE,3,FULL_AGREEMENT,"{""UNABLE_TO_DETERMINE"": 3}",0,0,0,3,0,0,0,0,unable_to_determine,2,"{""forearm"": 1, ""unable_to_determine"": 2}",no_landmarks,2,"{""limited_landmarks"": 1, ""no_landmarks"": 2}",0,1,0,0,2,False,False,skindeep_clinical_images,DLB_00012248.jpg,skindeep_clinical_images,Skin Deep: Paediatric Dermatology Image Resource,Skin Deep,True,False,False,False,False,UNABLE_TO_DETERMINE,MAJORITY_OR_FULL_CONSENSUS,FINAL,YES,NO,,,,,,,,
DLB_00012249,skindeep_clinical_images,images/DLB_00012249.jpg,3,Avery|Hana|Sakura,RIGHT,3,FULL_AGREEMENT,"{""RIGHT"": 3}",0,3,0,0,0,0,3,2,back,2,"{""back"": 2, ""other"": 1}",limited_landmarks,2,"{""distinct_landmarks"": 1, ""limited_landmarks"": 2}",1,3,0,0,3,False,False,skindeep_clinical_images,DLB_00012249.jpg,skindeep_clinical_images,Skin Deep: Paediatric Dermatology Image Resource,Skin Deep,True,False,False,False,False,RIGHT,MAJORITY_OR_FULL_CONSENSUS,FINAL,YES,NO,,,,,,,,
DLB_00012250,skindeep_clinical_images,images/DLB_00012250.jpg,3,Avery|Mitchell|Sakura,LEFT,2,MAJORITY_2_OF_3,"{""LEFT"": 2, ""RIGHT"": 1}",2,1,0,0,0,0,3,3,knee,2,"{""knee"": 2, ""multiple"": 1}",distinct_landmarks,3,"{""distinct_landmarks"": 3}",3,3,1,0,3,True,False,skindeep_clinical_images,DLB_00012250.jpg,skindeep_clinical_images,Skin Deep: Paediatric Dermatology Image Resource,Skin Deep,True,True,False,False,True,LEFT,CLINICAL_EXPERT,FINAL,YES,YES,SkinDeep prior adjudication incorporated.,,,,,,,
DLB_00012251,skindeep_clinical_images,images/DLB_00012251.jpg,3,Avery|Hana|Mitchell,UNABLE_TO_DETERMINE,3,FULL_AGREEMENT,"{""UNABLE_TO_DETERMINE"": 3}",0,0,0,3,0,0,0,0,unable_to_determine,2,"{""lower_leg"": 1, ""unable_to_determine"": 2}",no_landmarks,2,"{""distinct_landmarks"": 1, ""no_landmarks"": 2}",1,1,3,0,2,False,False,skindeep_clinical_images,DLB_00012251.jpg,skindeep_clinical_images,Skin Deep: Paediatric Dermatology Image Resource,Skin Deep,True,False,False,False,False,UNABLE_TO_DETERMINE,MAJORITY_OR_FULL_CONSENSUS,FINAL,YES,NO,,,,,,,,
DLB_00012252,skindeep_clinical_images,images/DLB_00012252.jpg,3,Hana|Mitchell|Sakura,UNABLE_TO_DETERMINE,2,MAJORITY_2_OF_3,"{""BILATERAL_OR_MIDLINE"": 1, ""UNABLE_TO_DETERMINE"": 2}",0,0,1,2,0,0,0,3,multiple,3,"{""multiple"": 3}",distinct_landmarks,3,"{""distinct_landmarks"": 3}",3,3,3,0,3,False,False,skindeep_clinical_images,DLB_00012252.jpg,skindeep_clinical_images,Skin Deep: Paediatric Dermatology Image Resource,Skin Deep,True,False,False,True,False,BILATERAL_OR_MIDLINE,AUTO_RULE_NONLR_ONLY_TO_BILATERAL_MIDLINE,FINAL,YES,NO,AUTO_RULE_ONLY_UTD_OR_BILATERAL_LABELS,,,,,,,
DLB_00012253,skindeep_clinical_images,images/DLB_00012253.jpg,3,Avery|Hana|Sakura,RIGHT,3,FULL_AGREEMENT,"{""RIGHT"": 3}",0,3,0,0,0,0,3,3,chest,2,"{""chest"": 2, ""other"": 1}",distinct_landmarks,3,"{""distinct_landmarks"": 3}",3,3,0,0,3,True,True,skindeep_clinical_images,DLB_00012253.jpg,skindeep_clinical_images,Skin Deep: Paediatric Dermatology Image Resource,Skin Deep,True,False,False,False,False,RIGHT,MAJORITY_OR_FULL_CONSENSUS,FINAL,YES,YES,,,,,,,,
DLB_00012254,skindeep_clinical_images,images/DLB_00012254.jpg,3,Avery|Mitchell|Sakura,RIGHT,3,FULL_AGREEMENT,"{""RIGHT"": 3}",0,3,0,0,0,0,3,3,neck,2,"{""multiple"": 1, ""neck"": 2}",distinct_landmarks,3,"{""distinct_landmarks"": 3}",3,3,0,0,3,True,True,skindeep_clinical_images,DLB_00012254.jpg,skindeep_clinical_images,Skin Deep: Paediatric Dermatology Image Resource,Skin Deep,True,False,False,False,False,RIGHT,MAJORITY_OR_FULL_CONSENSUS,FINAL,YES,YES,,,,,,,,
DLB_00012255,skindeep_clinical_images,images/DLB_00012255.jpg,3,Avery|Hana|Mitchell,BILATERAL_OR_MIDLINE,3,FULL_AGREEMENT,"{""BILATERAL_OR_MIDLINE"": 3}",0,0,3,0,0,0,0,3,other,3,"{""other"": 3}",distinct_landmarks,3,"{""distinct_landmarks"": 3}",3,3,0,0,3,False,False,skindeep_clinical_images,DLB_00012255.jpg,skindeep_clinical_images,Skin Deep: Paediatric Dermatology Image Resource,Skin Deep,True,False,False,False,False,BILATERAL_OR_MIDLINE,MAJORITY_OR_FULL_CONSENSUS,FINAL,YES,NO,,,,,,,,
DLB_00012256,skindeep_clinical_images,images/DLB_00012256.jpg,3,Hana|Mitchell|Sakura,BILATERAL_OR_MIDLINE,3,FULL_AGREEMENT,"{""BILATERAL_OR_MIDLINE"": 3}",0,0,3,0,0,0,0,3,face,3,"{""face"": 3}",distinct_landmarks,3,"{""distinct_landmarks"": 3}",3,3,1,0,3,False,False,skindeep_clinical_images,DLB_00012256.jpg,skindeep_clinical_images,Skin Deep: Paediatric Dermatology Image Resource,Skin Deep,True,False,False,False,False,BILATERAL_OR_MIDLINE,MAJORITY_OR_FULL_CONSENSUS,FINAL,YES,NO,,,,,,,,
DLB_00012257,skindeep_clinical_images,images/DLB_00012257.jpg,3,Avery|Hana|Sakura,NO_MAJORITY,1,THREE_WAY_DISAGREEMENT,"{""BILATERAL_OR_MIDLINE"": 1, ""LEFT"": 1, ""UNABLE_TO_DETERMINE"": 1}",1,0,1,1,0,0,1,3,abdomen,2,"{""abdomen"": 2, ""multiple"": 1}",distinct_landmarks,2,"{""distinct_landmarks"": 2, ""limited_landmarks"": 1}",2,3,0,0,3,False,False,skindeep_clinical_images,DLB_00012257.jpg,skindeep_clinical_images,Skin Deep: Paediatric Dermatology Image Resource,Skin Deep,True,False,True,False,True,BILATERAL_OR_MIDLINE,CLINICAL_EXPERT_ADJUDICATION_NEW_EXPORT,FINAL,YES,NO,,,abdomen,DISTINCT_LANDMARKS,COMPLETE,DLB_ADJ_00651,,
DLB_00012258,skindeep_clinical_images,images/DLB_00012258.jpg,3,Avery|Mitchell|Sakura,RIGHT,3,FULL_AGREEMENT,"{""RIGHT"": 3}",0,3,0,0,0,0,3,3,thigh,2,"{""multiple"": 1, ""thigh"": 2}",distinct_landmarks,3,"{""distinct_landmarks"": 3}",3,3,1,0,3,True,False,skindeep_clinical_images,DLB_00012258.jpg,skindeep_clinical_images,Skin Deep: Paediatric Dermatology Image Resource,Skin Deep,True,False,False,False,False,RIGHT,MAJORITY_OR_FULL_CONSENSUS,FINAL,YES,YES,,,,,,,,
DLB_00012259,skindeep_clinical_images,images/DLB_00012259.jpg,3,Avery|Hana|Mitchell,LEFT,3,FULL_AGREEMENT,"{""LEFT"": 3}",3,0,0,0,0,0,3,3,face,2,"{""face"": 2, ""multiple"": 1}",distinct_landmarks,3,"{""distinct_landmarks"": 3}",3,3,0,0,3,True,True,skindeep_clinical_images,DLB_00012259.jpg,skindeep_clinical_images,Skin Deep: Paediatric Dermatology Image Resource,Skin Deep,True,False,False,False,False,LEFT,MAJORITY_OR_FULL_CONSENSUS,FINAL,YES,YES,,,,,,,,
DLB_00012260,skindeep_clinical_images,images/DLB_00012260.jpg,3,Hana|Mitchell|Sakura,BILATERAL_OR_MIDLINE,2,MAJORITY_2_OF_3,"{""BILATERAL_OR_MIDLINE"": 2, ""UNABLE_TO_DETERMINE"": 1}",0,0,2,1,0,0,0,3,buttock,2,"{""back"": 1, ""buttock"": 2}",distinct_landmarks,3,"{""distinct_landmarks"": 3}",3,3,2,0,3,False,False,skindeep_clinical_images,DLB_00012260.jpg,skindeep_clinical_images,Skin Deep: Paediatric Dermatology Image Resource,Skin Deep,True,False,False,True,False,BILATERAL_OR_MIDLINE,AUTO_RULE_NONLR_ONLY_TO_BILATERAL_MIDLINE,FINAL,YES,NO,AUTO_RULE_ONLY_UTD_OR_BILATERAL_LABELS,,,,,,,
DLB_00012261,skindeep_clinical_images,images/DLB_00012261.jpg,3,Avery|Hana|Sakura,UNABLE_TO_DETERMINE,2,MAJORITY_2_OF_3,"{""BILATERAL_OR_MIDLINE"": 1, ""UNABLE_TO_DETERMINE"": 2}",0,0,1,2,0,0,0,3,chest,2,"{""chest"": 2, ""multiple"": 1}",distinct_landmarks,3,"{""distinct_landmarks"": 3}",3,3,2,0,3,False,False,skindeep_clinical_images,DLB_00012261.jpg,skindeep_clinical_images,Skin Deep: Paediatric Dermatology Image Resource,Skin Deep,True,False,False,True,False,BILATERAL_OR_MIDLINE,AUTO_RULE_NONLR_ONLY_TO_BILATERAL_MIDLINE,FINAL,YES,NO,AUTO_RULE_ONLY_UTD_OR_BILATERAL_LABELS,,,,,,,
DLB_00012262,skindeep_clinical_images,images/DLB_00012262.jpg,3,Avery|Mitchell|Sakura,LEFT,2,MAJORITY_2_OF_3,"{""LEFT"": 2, ""UNABLE_TO_DETERMINE"": 1}",2,0,0,1,0,0,2,2,abdomen,2,"{""abdomen"": 2, ""unable_to_determine"": 1}",distinct_landmarks,2,"{""distinct_landmarks"": 2, ""no_landmarks"": 1}",2,2,0,0,2,True,True,skindeep_clinical_images,DLB_00012262.jpg,skindeep_clinical_images,Skin Deep: Paediatric Dermatology Image Resource,Skin Deep,True,False,False,False,False,LEFT,MAJORITY_OR_FULL_CONSENSUS,FINAL,YES,YES,,,,,,,,
DLB_00012263,skindeep_clinical_images,images/DLB_00012263.jpg,3,Avery|Hana|Mitchell,RIGHT,2,MAJORITY_2_OF_3,"{""RIGHT"": 2, ""UNABLE_TO_DETERMINE"": 1}",0,2,0,1,0,0,2,2,buttock,1,"{""buttock"": 1, ""unable_to_determine"": 1, ""upper_arm"": 1}",distinct_landmarks,1,"{""distinct_landmarks"": 1, ""limited_landmarks"": 1, ""no_landmarks"": 1}",1,2,0,0,2,False,False,skindeep_clinical_images,DLB_00012263.jpg,skindeep_clinical_images,Skin Deep: Paediatric Dermatology Image Resource,Skin Deep,True,False,False,False,False,RIGHT,MAJORITY_OR_FULL_CONSENSUS,FINAL,YES,NO,,,,,,,,
DLB_00012264,skindeep_clinical_images,images/DLB_00012264.jpg,3,Hana|Mitchell|Sakura,LEFT,2,MAJORITY_2_OF_3,"{""LEFT"": 2, ""UNABLE_TO_DETERMINE"": 1}",2,0,0,1,0,0,2,2,back,2,"{""back"": 2, ""unable_to_determine"": 1}",distinct_landmarks,2,"{""distinct_landmarks"": 2, ""no_landmarks"": 1}",2,2,0,0,2,True,True,skindeep_clinical_images,DLB_00012264.jpg,skindeep_clinical_images,Skin Deep: Paediatric Dermatology Image Resource,Skin Deep,True,False,False,False,False,LEFT,MAJORITY_OR_FULL_CONSENSUS,FINAL,YES,YES,,,,,,,,
DLB_00012265,skindeep_clinical_images,images/DLB_00012265.jpg,3,Avery|Hana|Sakura,UNABLE_TO_DETERMINE,2,MAJORITY_2_OF_3,"{""BILATERAL_OR_MIDLINE"": 1, ""UNABLE_TO_DETERMINE"": 2}",0,0,1,2,0,0,0,3,face,3,"{""face"": 3}",distinct_landmarks,3,"{""distinct_landmarks"": 3}",3,3,0,0,3,False,False,skindeep_clinical_images,DLB_00012265.jpg,skindeep_clinical_images,Skin Deep: Paediatric Dermatology Image Resource,Skin Deep,True,False,False,True,False,BILATERAL_OR_MIDLINE,AUTO_RULE_NONLR_ONLY_TO_BILATERAL_MIDLINE,FINAL,YES,NO,AUTO_RULE_ONLY_UTD_OR_BILATERAL_LABELS,,,,,,,
DLB_00012266,skindeep_clinical_images,images/DLB_00012266.jpg,3,Avery|Mitchell|Sakura,BILATERAL_OR_MIDLINE,2,MAJORITY_2_OF_3,"{""BILATERAL_OR_MIDLINE"": 2, ""LEFT"": 1}",1,0,2,0,0,0,1,3,face,2,"{""face"": 2, ""multiple"": 1}",distinct_landmarks,3,"{""distinct_landmarks"": 3}",3,3,0,0,3,False,False,skindeep_clinical_images,DLB_00012266.jpg,skindeep_clinical_images,Skin Deep: Paediatric Dermatology Image Resource,Skin Deep,True,False,False,False,False,BILATERAL_OR_MIDLINE,MAJORITY_OR_FULL_CONSENSUS,FINAL,YES,NO,,,,,,,,
DLB_00012267,skindeep_clinical_images,images/DLB_00012267.jpg,3,Avery|Hana|Mitchell,BILATERAL_OR_MIDLINE,2,MAJORITY_2_OF_3,"{""BILATERAL_OR_MIDLINE"": 2, ""UNABLE_TO_DETERMINE"": 1}",0,0,2,1,0,0,0,3,face,3,"{""face"": 3}",distinct_landmarks,3,"{""distinct_landmarks"": 3}",3,3,0,0,3,False,False,skindeep_clinical_images,DLB_00012267.jpg,skindeep_clinical_images,Skin Deep: Paediatric Dermatology Image Resource,Skin Deep,True,False,False,True,False,BILATERAL_OR_MIDLINE,AUTO_RULE_NONLR_ONLY_TO_BILATERAL_MIDLINE,FINAL,YES,NO,AUTO_RULE_ONLY_UTD_OR_BILATERAL_LABELS,,,,,,,
DLB_00012268,skindeep_clinical_images,images/DLB_00012268.jpg,3,Hana|Mitchell|Sakura,UNABLE_TO_DETERMINE,2,MAJORITY_2_OF_3,"{""BILATERAL_OR_MIDLINE"": 1, ""UNABLE_TO_DETERMINE"": 2}",0,0,1,2,0,0,0,3,multiple,3,"{""multiple"": 3}",distinct_landmarks,3,"{""distinct_landmarks"": 3}",3,3,3,0,3,False,False,skindeep_clinical_images,DLB_00012268.jpg,skindeep_clinical_images,Skin Deep: Paediatric Dermatology Image Resource,Skin Deep,True,False,False,True,False,BILATERAL_OR_MIDLINE,AUTO_RULE_NONLR_ONLY_TO_BILATERAL_MIDLINE,FINAL,YES,NO,AUTO_RULE_ONLY_UTD_OR_BILATERAL_LABELS,,,,,,,
DLB_00012269,skindeep_clinical_images,images/DLB_00012269.jpg,3,Avery|Hana|Sakura,UNABLE_TO_DETERMINE,2,MAJORITY_2_OF_3,"{""BILATERAL_OR_MIDLINE"": 1, ""UNABLE_TO_DETERMINE"": 2}",0,0,1,2,0,0,0,3,back,3,"{""back"": 3}",distinct_landmarks,3,"{""distinct_landmarks"": 3}",3,3,1,0,3,False,False,skindeep_clinical_images,DLB_00012269.jpg,skindeep_clinical_images,Skin Deep: Paediatric Dermatology Image Resource,Skin Deep,True,False,False,True,False,BILATERAL_OR_MIDLINE,AUTO_RULE_NONLR_ONLY_TO_BILATERAL_MIDLINE,FINAL,YES,NO,AUTO_RULE_ONLY_UTD_OR_BILATERAL_LABELS,,,,,,,
DLB_00012270,skindeep_clinical_images,images/DLB_00012270.jpg,3,Avery|Mitchell|Sakura,BILATERAL_OR_MIDLINE,3,FULL_AGREEMENT,"{""BILATERAL_OR_MIDLINE"": 3}",0,0,3,0,0,0,0,3,back,2,"{""back"": 2, ""multiple"": 1}",distinct_landmarks,3,"{""distinct_landmarks"": 3}",3,3,1,0,3,False,False,skindeep_clinical_images,DLB_00012270.jpg,skindeep_clinical_images,Skin Deep: Paediatric Dermatology Image Resource,Skin Deep,True,False,False,False,False,BILATERAL_OR_MIDLINE,MAJORITY_OR_FULL_CONSENSUS,FINAL,YES,NO,,,,,,,,
DLB_00012271,skindeep_clinical_images,images/DLB_00012271.jpg,3,Avery|Hana|Mitchell,BILATERAL_OR_MIDLINE,2,MAJORITY_2_OF_3,"{""BILATERAL_OR_MIDLINE"": 2, ""UNABLE_TO_DETERMINE"": 1}",0,0,2,1,0,0,0,3,face,3,"{""face"": 3}",distinct_landmarks,3,"{""distinct_landmarks"": 3}",3,3,0,0,3,False,False,skindeep_clinical_images,DLB_00012271.jpg,skindeep_clinical_images,Skin Deep: Paediatric Dermatology Image Resource,Skin Deep,True,False,False,True,False,BILATERAL_OR_MIDLINE,AUTO_RULE_NONLR_ONLY_TO_BILATERAL_MIDLINE,FINAL,YES,NO,AUTO_RULE_ONLY_UTD_OR_BILATERAL_LABELS,,,,,,,
DLB_00012272,skindeep_clinical_images,images/DLB_00012272.jpg,3,Hana|Mitchell|Sakura,UNABLE_TO_DETERMINE,2,MAJORITY_2_OF_3,"{""BILATERAL_OR_MIDLINE"": 1, ""UNABLE_TO_DETERMINE"": 2}",0,0,1,2,0,0,0,3,face,3,"{""face"": 3}",distinct_landmarks,3,"{""distinct_landmarks"": 3}",3,3,0,0,3,False,False,skindeep_clinical_images,DLB_00012272.jpg,skindeep_clinical_images,Skin Deep: Paediatric Dermatology Image Resource,Skin Deep,True,False,False,True,False,BILATERAL_OR_MIDLINE,AUTO_RULE_NONLR_ONLY_TO_BILATERAL_MIDLINE,FINAL,YES,NO,AUTO_RULE_ONLY_UTD_OR_BILATERAL_LABELS,,,,,,,
DLB_00012273,skindeep_clinical_images,images/DLB_00012273.jpg,3,Avery|Hana|Sakura,UNABLE_TO_DETERMINE,2,MAJORITY_2_OF_3,"{""BILATERAL_OR_MIDLINE"": 1, ""UNABLE_TO_DETERMINE"": 2}",0,0,1,2,0,0,0,3,face,2,"{""face"": 2, ""other"": 1}",distinct_landmarks,3,"{""distinct_landmarks"": 3}",3,3,0,0,3,False,False,skindeep_clinical_images,DLB_00012273.jpg,skindeep_clinical_images,Skin Deep: Paediatric Dermatology Image Resource,Skin Deep,True,False,False,True,False,BILATERAL_OR_MIDLINE,AUTO_RULE_NONLR_ONLY_TO_BILATERAL_MIDLINE,FINAL,YES,NO,AUTO_RULE_ONLY_UTD_OR_BILATERAL_LABELS,,,,,,,
DLB_00012274,skindeep_clinical_images,images/DLB_00012274.jpg,3,Avery|Mitchell|Sakura,RIGHT,2,MAJORITY_2_OF_3,"{""BILATERAL_OR_MIDLINE"": 1, ""RIGHT"": 2}",0,2,1,0,0,0,2,3,other,2,"{""face"": 1, ""other"": 2}",distinct_landmarks,3,"{""distinct_landmarks"": 3}",3,3,0,0,3,True,True,skindeep_clinical_images,DLB_00012274.jpg,skindeep_clinical_images,Skin Deep: Paediatric Dermatology Image Resource,Skin Deep,True,False,False,False,False,RIGHT,MAJORITY_OR_FULL_CONSENSUS,FINAL,YES,YES,,,,,,,,
DLB_00012275,skindeep_clinical_images,images/DLB_00012275.jpg,3,Avery|Hana|Mitchell,RIGHT,3,FULL_AGREEMENT,"{""RIGHT"": 3}",0,3,0,0,0,0,3,3,face,3,"{""face"": 3}",distinct_landmarks,3,"{""distinct_landmarks"": 3}",3,3,0,0,3,True,True,skindeep_clinical_images,DLB_00012275.jpg,skindeep_clinical_images,Skin Deep: Paediatric Dermatology Image Resource,Skin Deep,True,False,False,False,False,RIGHT,MAJORITY_OR_FULL_CONSENSUS,FINAL,YES,YES,,,,,,,,
DLB_00012276,skindeep_clinical_images,images/DLB_00012276.jpg,3,Hana|Mitchell|Sakura,RIGHT,3,FULL_AGREEMENT,"{""RIGHT"": 3}",0,3,0,0,0,0,3,3,face,3,"{""face"": 3}",distinct_landmarks,3,"{""distinct_landmarks"": 3}",3,3,0,0,3,True,True,skindeep_clinical_images,DLB_00012276.jpg,skindeep_clinical_images,Skin Deep: Paediatric Dermatology Image Resource,Skin Deep,True,False,False,False,False,RIGHT,MAJORITY_OR_FULL_CONSENSUS,FINAL,YES,YES,,,,,,,,
DLB_00012277,skindeep_clinical_images,images/DLB_00012277.jpg,3,Avery|Hana|Sakura,LEFT,3,FULL_AGREEMENT,"{""LEFT"": 3}",3,0,0,0,0,0,3,3,hand,3,"{""hand"": 3}",distinct_landmarks,3,"{""distinct_landmarks"": 3}",3,3,2,0,3,True,False,skindeep_clinical_images,DLB_00012277.jpg,skindeep_clinical_images,Skin Deep: Paediatric Dermatology Image Resource,Skin Deep,True,False,False,False,False,LEFT,MAJORITY_OR_FULL_CONSENSUS,FINAL,YES,YES,,,,,,,,
DLB_00012278,skindeep_clinical_images,images/DLB_00012278.jpg,3,Avery|Mitchell|Sakura,BILATERAL_OR_MIDLINE,2,MAJORITY_2_OF_3,"{""BILATERAL_OR_MIDLINE"": 2, ""UNABLE_TO_DETERMINE"": 1}",0,0,2,1,0,0,0,3,foot,3,"{""foot"": 3}",distinct_landmarks,3,"{""distinct_landmarks"": 3}",3,3,2,0,3,False,False,skindeep_clinical_images,DLB_00012278.jpg,skindeep_clinical_images,Skin Deep: Paediatric Dermatology Image Resource,Skin Deep,True,False,False,True,False,BILATERAL_OR_MIDLINE,AUTO_RULE_NONLR_ONLY_TO_BILATERAL_MIDLINE,FINAL,YES,NO,AUTO_RULE_ONLY_UTD_OR_BILATERAL_LABELS,,,,,,,
DLB_00012279,skindeep_clinical_images,images/DLB_00012279.jpg,3,Avery|Hana|Mitchell,UNABLE_TO_DETERMINE,3,FULL_AGREEMENT,"{""UNABLE_TO_DETERMINE"": 3}",0,0,0,3,0,0,0,0,lower_leg,3,"{""lower_leg"": 3}",limited_landmarks,2,"{""distinct_landmarks"": 1, ""limited_landmarks"": 2}",1,3,0,0,2,False,False,skindeep_clinical_images,DLB_00012279.jpg,skindeep_clinical_images,Skin Deep: Paediatric Dermatology Image Resource,Skin Deep,True,False,False,False,False,UNABLE_TO_DETERMINE,MAJORITY_OR_FULL_CONSENSUS,FINAL,YES,NO,,,,,,,,
DLB_00012280,skindeep_clinical_images,images/DLB_00012280.jpg,3,Hana|Mitchell|Sakura,LEFT,3,FULL_AGREEMENT,"{""LEFT"": 3}",3,0,0,0,0,0,3,3,thigh,3,"{""thigh"": 3}",distinct_landmarks,3,"{""distinct_landmarks"": 3}",3,3,3,0,3,True,False,skindeep_clinical_images,DLB_00012280.jpg,skindeep_clinical_images,Skin Deep: Paediatric Dermatology Image Resource,Skin Deep,True,False,False,False,False,LEFT,MAJORITY_OR_FULL_CONSENSUS,FINAL,YES,YES,,,,,,,,
DLB_00012281,skindeep_clinical_images,images/DLB_00012281.jpg,3,Avery|Hana|Sakura,RIGHT,3,FULL_AGREEMENT,"{""RIGHT"": 3}",0,3,0,0,0,0,3,3,chest,2,"{""chest"": 2, ""multiple"": 1}",distinct_landmarks,3,"{""distinct_landmarks"": 3}",3,3,1,0,3,True,False,skindeep_clinical_images,DLB_00012281.jpg,skindeep_clinical_images,Skin Deep: Paediatric Dermatology Image Resource,Skin Deep,True,False,False,False,False,RIGHT,MAJORITY_OR_FULL_CONSENSUS,FINAL,YES,YES,,,,,,,,
DLB_00012282,skindeep_clinical_images,images/DLB_00012282.jpg,3,Avery|Mitchell|Sakura,BILATERAL_OR_MIDLINE,2,MAJORITY_2_OF_3,"{""BILATERAL_OR_MIDLINE"": 2, ""UNABLE_TO_DETERMINE"": 1}",0,0,2,1,0,0,0,3,back,3,"{""back"": 3}",distinct_landmarks,3,"{""distinct_landmarks"": 3}",3,3,2,0,3,False,False,skindeep_clinical_images,DLB_00012282.jpg,skindeep_clinical_images,Skin Deep: Paediatric Dermatology Image Resource,Skin Deep,True,False,False,True,False,BILATERAL_OR_MIDLINE,AUTO_RULE_NONLR_ONLY_TO_BILATERAL_MIDLINE,FINAL,YES,NO,AUTO_RULE_ONLY_UTD_OR_BILATERAL_LABELS,,,,,,,
DLB_00012283,skindeep_clinical_images,images/DLB_00012283.jpg,3,Avery|Hana|Mitchell,LEFT,3,FULL_AGREEMENT,"{""LEFT"": 3}",3,0,0,0,0,0,3,3,multiple,1,"{""chest"": 1, ""multiple"": 1, ""other"": 1}",distinct_landmarks,3,"{""distinct_landmarks"": 3}",3,3,0,0,3,True,True,skindeep_clinical_images,DLB_00012283.jpg,skindeep_clinical_images,Skin Deep: Paediatric Dermatology Image Resource,Skin Deep,True,False,False,False,False,LEFT,MAJORITY_OR_FULL_CONSENSUS,FINAL,YES,YES,,,,,,,,
DLB_00012284,skindeep_clinical_images,images/DLB_00012284.jpg,3,Hana|Mitchell|Sakura,UNABLE_TO_DETERMINE,2,MAJORITY_2_OF_3,"{""BILATERAL_OR_MIDLINE"": 1, ""UNABLE_TO_DETERMINE"": 2}",0,0,1,2,0,0,0,3,chest,2,"{""chest"": 2, ""multiple"": 1}",distinct_landmarks,3,"{""distinct_landmarks"": 3}",3,3,2,0,3,False,False,skindeep_clinical_images,DLB_00012284.jpg,skindeep_clinical_images,Skin Deep: Paediatric Dermatology Image Resource,Skin Deep,True,False,False,True,False,BILATERAL_OR_MIDLINE,AUTO_RULE_NONLR_ONLY_TO_BILATERAL_MIDLINE,FINAL,YES,NO,AUTO_RULE_ONLY_UTD_OR_BILATERAL_LABELS,,,,,,,
DLB_00012285,skindeep_clinical_images,images/DLB_00012285.jpg,3,Avery|Hana|Sakura,UNABLE_TO_DETERMINE,2,MAJORITY_2_OF_3,"{""BILATERAL_OR_MIDLINE"": 1, ""UNABLE_TO_DETERMINE"": 2}",0,0,1,2,0,0,0,3,lower_leg,3,"{""lower_leg"": 3}",distinct_landmarks,3,"{""distinct_landmarks"": 3}",3,3,2,0,3,False,False,skindeep_clinical_images,DLB_00012285.jpg,skindeep_clinical_images,Skin Deep: Paediatric Dermatology Image Resource,Skin Deep,True,False,False,True,False,BILATERAL_OR_MIDLINE,AUTO_RULE_NONLR_ONLY_TO_BILATERAL_MIDLINE,FINAL,YES,NO,AUTO_RULE_ONLY_UTD_OR_BILATERAL_LABELS,,,,,,,
DLB_00012286,skindeep_clinical_images,images/DLB_00012286.jpg,3,Avery|Mitchell|Sakura,RIGHT,3,FULL_AGREEMENT,"{""RIGHT"": 3}",0,3,0,0,0,0,3,3,forearm,3,"{""forearm"": 3}",distinct_landmarks,3,"{""distinct_landmarks"": 3}",3,3,2,0,3,True,False,skindeep_clinical_images,DLB_00012286.jpg,skindeep_clinical_images,Skin Deep: Paediatric Dermatology Image Resource,Skin Deep,True,False,False,False,False,RIGHT,MAJORITY_OR_FULL_CONSENSUS,FINAL,YES,YES,,,,,,,,
DLB_00012287,skindeep_clinical_images,images/DLB_00012287.jpg,3,Avery|Hana|Mitchell,BILATERAL_OR_MIDLINE,2,MAJORITY_2_OF_3,"{""BILATERAL_OR_MIDLINE"": 2, ""UNABLE_TO_DETERMINE"": 1}",0,0,2,1,0,0,0,3,back,3,"{""back"": 3}",distinct_landmarks,3,"{""distinct_landmarks"": 3}",3,3,0,0,3,False,False,skindeep_clinical_images,DLB_00012287.jpg,skindeep_clinical_images,Skin Deep: Paediatric Dermatology Image Resource,Skin Deep,True,False,False,True,False,BILATERAL_OR_MIDLINE,AUTO_RULE_NONLR_ONLY_TO_BILATERAL_MIDLINE,FINAL,YES,NO,AUTO_RULE_ONLY_UTD_OR_BILATERAL_LABELS,,,,,,,
DLB_00012288,skindeep_clinical_images,images/DLB_00012288.jpg,3,Hana|Mitchell|Sakura,RIGHT,3,FULL_AGREEMENT,"{""RIGHT"": 3}",0,3,0,0,0,0,3,3,upper_arm,3,"{""upper_arm"": 3}",distinct_landmarks,2,"{""distinct_landmarks"": 2, ""limited_landmarks"": 1}",2,3,3,0,3,True,False,skindeep_clinical_images,DLB_00012288.jpg,skindeep_clinical_images,Skin Deep: Paediatric Dermatology Image Resource,Skin Deep,True,False,False,False,False,RIGHT,MAJORITY_OR_FULL_CONSENSUS,FINAL,YES,YES,,,,,,,,
DLB_00012289,skindeep_clinical_images,images/DLB_00012289.jpg,3,Avery|Hana|Sakura,LEFT,3,FULL_AGREEMENT,"{""LEFT"": 3}",3,0,0,0,0,0,3,3,face,3,"{""face"": 3}",distinct_landmarks,3,"{""distinct_landmarks"": 3}",3,3,1,0,3,True,False,skindeep_clinical_images,DLB_00012289.jpg,skindeep_clinical_images,Skin Deep: Paediatric Dermatology Image Resource,Skin Deep,True,False,False,False,False,LEFT,MAJORITY_OR_FULL_CONSENSUS,FINAL,YES,YES,,,,,,,,
DLB_00012290,skindeep_clinical_images,images/DLB_00012290.jpg,3,Avery|Mitchell|Sakura,BILATERAL_OR_MIDLINE,3,FULL_AGREEMENT,"{""BILATERAL_OR_MIDLINE"": 3}",0,0,3,0,0,0,0,3,back,3,"{""back"": 3}",distinct_landmarks,3,"{""distinct_landmarks"": 3}",3,3,1,0,3,False,False,skindeep_clinical_images,DLB_00012290.jpg,skindeep_clinical_images,Skin Deep: Paediatric Dermatology Image Resource,Skin Deep,True,False,False,False,False,BILATERAL_OR_MIDLINE,MAJORITY_OR_FULL_CONSENSUS,FINAL,YES,NO,,,,,,,,
DLB_00012291,skindeep_clinical_images,images/DLB_00012291.jpg,3,Avery|Hana|Mitchell,RIGHT,3,FULL_AGREEMENT,"{""RIGHT"": 3}",0,3,0,0,0,0,3,3,face,2,"{""face"": 2, ""other"": 1}",distinct_landmarks,3,"{""distinct_landmarks"": 3}",3,3,0,0,3,True,True,skindeep_clinical_images,DLB_00012291.jpg,skindeep_clinical_images,Skin Deep: Paediatric Dermatology Image Resource,Skin Deep,True,False,False,False,False,RIGHT,MAJORITY_OR_FULL_CONSENSUS,FINAL,YES,YES,,,,,,,,
DLB_00012292,skindeep_clinical_images,images/DLB_00012292.jpg,3,Hana|Mitchell|Sakura,LEFT,3,FULL_AGREEMENT,"{""LEFT"": 3}",3,0,0,0,0,0,3,3,face,3,"{""face"": 3}",distinct_landmarks,3,"{""distinct_landmarks"": 3}",3,3,0,0,3,True,True,skindeep_clinical_images,DLB_00012292.jpg,skindeep_clinical_images,Skin Deep: Paediatric Dermatology Image Resource,Skin Deep,True,False,False,False,False,LEFT,MAJORITY_OR_FULL_CONSENSUS,FINAL,YES,YES,,,,,,,,
DLB_00012293,skindeep_clinical_images,images/DLB_00012293.jpg,3,Avery|Hana|Sakura,BILATERAL_OR_MIDLINE,2,MAJORITY_2_OF_3,"{""BILATERAL_OR_MIDLINE"": 2, ""UNABLE_TO_DETERMINE"": 1}",0,0,2,1,0,0,0,3,abdomen,3,"{""abdomen"": 3}",distinct_landmarks,3,"{""distinct_landmarks"": 3}",3,3,0,0,3,False,False,skindeep_clinical_images,DLB_00012293.jpg,skindeep_clinical_images,Skin Deep: Paediatric Dermatology Image Resource,Skin Deep,True,False,False,True,False,BILATERAL_OR_MIDLINE,AUTO_RULE_NONLR_ONLY_TO_BILATERAL_MIDLINE,FINAL,YES,NO,AUTO_RULE_ONLY_UTD_OR_BILATERAL_LABELS,,,,,,,
DLB_00012294,skindeep_clinical_images,images/DLB_00012294.jpg,3,Avery|Mitchell|Sakura,BILATERAL_OR_MIDLINE,2,MAJORITY_2_OF_3,"{""BILATERAL_OR_MIDLINE"": 2, ""UNABLE_TO_DETERMINE"": 1}",0,0,2,1,0,0,0,3,back,3,"{""back"": 3}",distinct_landmarks,3,"{""distinct_landmarks"": 3}",3,3,2,0,3,False,False,skindeep_clinical_images,DLB_00012294.jpg,skindeep_clinical_images,Skin Deep: Paediatric Dermatology Image Resource,Skin Deep,True,False,False,True,False,BILATERAL_OR_MIDLINE,AUTO_RULE_NONLR_ONLY_TO_BILATERAL_MIDLINE,FINAL,YES,NO,AUTO_RULE_ONLY_UTD_OR_BILATERAL_LABELS,,,,,,,
DLB_00012295,skindeep_clinical_images,images/DLB_00012295.jpg,3,Avery|Hana|Mitchell,RIGHT,3,FULL_AGREEMENT,"{""RIGHT"": 3}",0,3,0,0,0,0,3,3,hand,2,"{""finger"": 1, ""hand"": 2}",distinct_landmarks,3,"{""distinct_landmarks"": 3}",3,3,1,0,3,True,False,skindeep_clinical_images,DLB_00012295.jpg,skindeep_clinical_images,Skin Deep: Paediatric Dermatology Image Resource,Skin Deep,True,False,False,False,False,RIGHT,MAJORITY_OR_FULL_CONSENSUS,FINAL,YES,YES,,,,,,,,
DLB_00012296,skindeep_clinical_images,images/DLB_00012296.jpg,3,Hana|Mitchell|Sakura,UNABLE_TO_DETERMINE,2,MAJORITY_2_OF_3,"{""BILATERAL_OR_MIDLINE"": 1, ""UNABLE_TO_DETERMINE"": 2}",0,0,1,2,0,0,0,3,back,3,"{""back"": 3}",distinct_landmarks,3,"{""distinct_landmarks"": 3}",3,3,1,0,3,False,False,skindeep_clinical_images,DLB_00012296.jpg,skindeep_clinical_images,Skin Deep: Paediatric Dermatology Image Resource,Skin Deep,True,False,False,True,False,BILATERAL_OR_MIDLINE,AUTO_RULE_NONLR_ONLY_TO_BILATERAL_MIDLINE,FINAL,YES,NO,AUTO_RULE_ONLY_UTD_OR_BILATERAL_LABELS,,,,,,,
DLB_00012297,skindeep_clinical_images,images/DLB_00012297.jpg,3,Avery|Hana|Sakura,RIGHT,2,MAJORITY_2_OF_3,"{""RIGHT"": 2, ""UNABLE_TO_DETERMINE"": 1}",0,2,0,1,0,0,2,3,toe,2,"{""foot"": 1, ""toe"": 2}",distinct_landmarks,3,"{""distinct_landmarks"": 3}",3,3,2,0,3,True,False,skindeep_clinical_images,DLB_00012297.jpg,skindeep_clinical_images,Skin Deep: Paediatric Dermatology Image Resource,Skin Deep,True,False,False,False,False,RIGHT,MAJORITY_OR_FULL_CONSENSUS,FINAL,YES,YES,,,,,,,,
DLB_00012298,skindeep_clinical_images,images/DLB_00012298.jpg,3,Avery|Mitchell|Sakura,UNABLE_TO_DETERMINE,3,FULL_AGREEMENT,"{""UNABLE_TO_DETERMINE"": 3}",0,0,0,3,0,0,0,0,unable_to_determine,3,"{""unable_to_determine"": 3}",no_landmarks,3,"{""no_landmarks"": 3}",0,0,1,0,1,False,False,skindeep_clinical_images,DLB_00012298.jpg,skindeep_clinical_images,Skin Deep: Paediatric Dermatology Image Resource,Skin Deep,True,False,False,False,False,UNABLE_TO_DETERMINE,MAJORITY_OR_FULL_CONSENSUS,FINAL,YES,NO,,,,,,,,
DLB_00012299,skindeep_clinical_images,images/DLB_00012299.jpg,3,Avery|Hana|Mitchell,BILATERAL_OR_MIDLINE,2,MAJORITY_2_OF_3,"{""BILATERAL_OR_MIDLINE"": 2, ""UNABLE_TO_DETERMINE"": 1}",0,0,2,1,0,0,0,2,neck,2,"{""multiple"": 1, ""neck"": 2}",distinct_landmarks,3,"{""distinct_landmarks"": 3}",3,3,0,0,3,False,False,skindeep_clinical_images,DLB_00012299.jpg,skindeep_clinical_images,Skin Deep: Paediatric Dermatology Image Resource,Skin Deep,True,False,False,True,False,BILATERAL_OR_MIDLINE,AUTO_RULE_NONLR_ONLY_TO_BILATERAL_MIDLINE,FINAL,YES,NO,AUTO_RULE_ONLY_UTD_OR_BILATERAL_LABELS,,,,,,,
DLB_00012300,skindeep_clinical_images,images/DLB_00012300.jpg,3,Hana|Mitchell|Sakura,UNABLE_TO_DETERMINE,2,MAJORITY_2_OF_3,"{""BILATERAL_OR_MIDLINE"": 1, ""UNABLE_TO_DETERMINE"": 2}",0,0,1,2,0,0,0,3,forearm,3,"{""forearm"": 3}",distinct_landmarks,3,"{""distinct_landmarks"": 3}",3,3,3,0,3,False,False,skindeep_clinical_images,DLB_00012300.jpg,skindeep_clinical_images,Skin Deep: Paediatric Dermatology Image Resource,Skin Deep,True,False,False,True,False,BILATERAL_OR_MIDLINE,AUTO_RULE_NONLR_ONLY_TO_BILATERAL_MIDLINE,FINAL,YES,NO,AUTO_RULE_ONLY_UTD_OR_BILATERAL_LABELS,,,,,,,
DLB_00012301,skindeep_clinical_images,images/DLB_00012301.jpg,3,Avery|Hana|Sakura,LEFT,3,FULL_AGREEMENT,"{""LEFT"": 3}",3,0,0,0,0,0,3,3,foot,3,"{""foot"": 3}",distinct_landmarks,3,"{""distinct_landmarks"": 3}",3,3,0,0,3,True,True,skindeep_clinical_images,DLB_00012301.jpg,skindeep_clinical_images,Skin Deep: Paediatric Dermatology Image Resource,Skin Deep,True,False,False,False,False,LEFT,MAJORITY_OR_FULL_CONSENSUS,FINAL,YES,YES,,,,,,,,
DLB_00012302,skindeep_clinical_images,images/DLB_00012302.jpg,3,Avery|Mitchell|Sakura,LEFT,3,FULL_AGREEMENT,"{""LEFT"": 3}",3,0,0,0,0,0,3,3,hand,3,"{""hand"": 3}",distinct_landmarks,3,"{""distinct_landmarks"": 3}",3,3,3,0,3,True,False,skindeep_clinical_images,DLB_00012302.jpg,skindeep_clinical_images,Skin Deep: Paediatric Dermatology Image Resource,Skin Deep,True,False,False,False,False,LEFT,MAJORITY_OR_FULL_CONSENSUS,FINAL,YES,YES,,,,,,,,
DLB_00012303,skindeep_clinical_images,images/DLB_00012303.jpg,3,Avery|Hana|Mitchell,BILATERAL_OR_MIDLINE,2,MAJORITY_2_OF_3,"{""BILATERAL_OR_MIDLINE"": 2, ""UNABLE_TO_DETERMINE"": 1}",0,0,2,1,0,0,0,3,multiple,2,"{""lower_leg"": 1, ""multiple"": 2}",distinct_landmarks,3,"{""distinct_landmarks"": 3}",3,3,2,0,3,False,False,skindeep_clinical_images,DLB_00012303.jpg,skindeep_clinical_images,Skin Deep: Paediatric Dermatology Image Resource,Skin Deep,True,False,False,True,False,BILATERAL_OR_MIDLINE,AUTO_RULE_NONLR_ONLY_TO_BILATERAL_MIDLINE,FINAL,YES,NO,AUTO_RULE_ONLY_UTD_OR_BILATERAL_LABELS,,,,,,,
DLB_00012304,skindeep_clinical_images,images/DLB_00012304.jpg,3,Hana|Mitchell|Sakura,LEFT,3,FULL_AGREEMENT,"{""LEFT"": 3}",3,0,0,0,0,0,3,3,face,3,"{""face"": 3}",distinct_landmarks,3,"{""distinct_landmarks"": 3}",3,3,0,0,3,True,True,skindeep_clinical_images,DLB_00012304.jpg,skindeep_clinical_images,Skin Deep: Paediatric Dermatology Image Resource,Skin Deep,True,False,False,False,False,LEFT,MAJORITY_OR_FULL_CONSENSUS,FINAL,YES,YES,,,,,,,,
DLB_00012305,skindeep_clinical_images,images/DLB_00012305.jpg,3,Avery|Hana|Sakura,BILATERAL_OR_MIDLINE,2,MAJORITY_2_OF_3,"{""BILATERAL_OR_MIDLINE"": 2, ""UNABLE_TO_DETERMINE"": 1}",0,0,2,1,0,0,0,3,abdomen,3,"{""abdomen"": 3}",distinct_landmarks,3,"{""distinct_landmarks"": 3}",3,3,2,0,3,False,False,skindeep_clinical_images,DLB_00012305.jpg,skindeep_clinical_images,Skin Deep: Paediatric Dermatology Image Resource,Skin Deep,True,False,False,True,False,BILATERAL_OR_MIDLINE,AUTO_RULE_NONLR_ONLY_TO_BILATERAL_MIDLINE,FINAL,YES,NO,AUTO_RULE_ONLY_UTD_OR_BILATERAL_LABELS,,,,,,,
DLB_00012306,skindeep_clinical_images,images/DLB_00012306.jpg,3,Avery|Mitchell|Sakura,BILATERAL_OR_MIDLINE,2,MAJORITY_2_OF_3,"{""BILATERAL_OR_MIDLINE"": 2, ""LEFT"": 1}",1,0,2,0,0,0,1,3,multiple,3,"{""multiple"": 3}",distinct_landmarks,3,"{""distinct_landmarks"": 3}",3,3,2,0,3,False,False,skindeep_clinical_images,DLB_00012306.jpg,skindeep_clinical_images,Skin Deep: Paediatric Dermatology Image Resource,Skin Deep,True,False,False,False,False,BILATERAL_OR_MIDLINE,MAJORITY_OR_FULL_CONSENSUS,FINAL,YES,NO,,,,,,,,
DLB_00012307,skindeep_clinical_images,images/DLB_00012307.jpg,3,Avery|Hana|Mitchell,BILATERAL_OR_MIDLINE,2,MAJORITY_2_OF_3,"{""BILATERAL_OR_MIDLINE"": 2, ""RIGHT"": 1}",0,1,2,0,0,0,1,3,lower_leg,2,"{""lower_leg"": 2, ""multiple"": 1}",distinct_landmarks,3,"{""distinct_landmarks"": 3}",3,3,3,0,3,False,False,skindeep_clinical_images,DLB_00012307.jpg,skindeep_clinical_images,Skin Deep: Paediatric Dermatology Image Resource,Skin Deep,True,False,False,False,False,BILATERAL_OR_MIDLINE,MAJORITY_OR_FULL_CONSENSUS,FINAL,YES,NO,,,,,,,,
DLB_00012308,skindeep_clinical_images,images/DLB_00012308.jpg,3,Hana|Mitchell|Sakura,NO_MAJORITY,1,THREE_WAY_DISAGREEMENT,"{""LEFT"": 1, ""RIGHT"": 1, ""UNABLE_TO_DETERMINE"": 1}",1,1,0,1,0,0,2,2,finger,3,"{""finger"": 3}",distinct_landmarks,2,"{""distinct_landmarks"": 2, ""limited_landmarks"": 1}",2,3,2,0,2,False,False,skindeep_clinical_images,DLB_00012308.jpg,skindeep_clinical_images,Skin Deep: Paediatric Dermatology Image Resource,Skin Deep,True,True,True,False,True,RIGHT,CLINICAL_EXPERT,FINAL,YES,YES,SkinDeep prior adjudication incorporated.,,,,,,,
DLB_00012309,skindeep_clinical_images,images/DLB_00012309.jpg,3,Avery|Hana|Sakura,LEFT,3,FULL_AGREEMENT,"{""LEFT"": 3}",3,0,0,0,0,0,3,3,finger,2,"{""finger"": 2, ""hand"": 1}",distinct_landmarks,3,"{""distinct_landmarks"": 3}",3,3,2,0,3,True,False,skindeep_clinical_images,DLB_00012309.jpg,skindeep_clinical_images,Skin Deep: Paediatric Dermatology Image Resource,Skin Deep,True,False,False,False,False,LEFT,MAJORITY_OR_FULL_CONSENSUS,FINAL,YES,YES,,,,,,,,
DLB_00012310,skindeep_clinical_images,images/DLB_00012310.jpg,3,Avery|Mitchell|Sakura,UNABLE_TO_DETERMINE,3,FULL_AGREEMENT,"{""UNABLE_TO_DETERMINE"": 3}",0,0,0,3,0,0,0,0,unable_to_determine,2,"{""forearm"": 1, ""unable_to_determine"": 2}",no_landmarks,2,"{""distinct_landmarks"": 1, ""no_landmarks"": 2}",1,1,0,0,2,False,False,skindeep_clinical_images,DLB_00012310.jpg,skindeep_clinical_images,Skin Deep: Paediatric Dermatology Image Resource,Skin Deep,True,False,False,False,False,UNABLE_TO_DETERMINE,MAJORITY_OR_FULL_CONSENSUS,FINAL,YES,NO,,,,,,,,
DLB_00012311,skindeep_clinical_images,images/DLB_00012311.jpg,3,Avery|Hana|Mitchell,UNABLE_TO_DETERMINE,3,FULL_AGREEMENT,"{""UNABLE_TO_DETERMINE"": 3}",0,0,0,3,0,0,0,0,unable_to_determine,3,"{""unable_to_determine"": 3}",no_landmarks,3,"{""no_landmarks"": 3}",0,0,0,0,1,False,False,skindeep_clinical_images,DLB_00012311.jpg,skindeep_clinical_images,Skin Deep: Paediatric Dermatology Image Resource,Skin Deep,True,False,False,False,False,UNABLE_TO_DETERMINE,MAJORITY_OR_FULL_CONSENSUS,FINAL,YES,NO,,,,,,,,
DLB_00012312,skindeep_clinical_images,images/DLB_00012312.jpg,3,Hana|Mitchell|Sakura,BILATERAL_OR_MIDLINE,2,MAJORITY_2_OF_3,"{""BILATERAL_OR_MIDLINE"": 2, ""UNABLE_TO_DETERMINE"": 1}",0,0,2,1,0,0,0,2,abdomen,2,"{""abdomen"": 2, ""unable_to_determine"": 1}",distinct_landmarks,2,"{""distinct_landmarks"": 2, ""no_landmarks"": 1}",2,2,0,0,2,False,False,skindeep_clinical_images,DLB_00012312.jpg,skindeep_clinical_images,Skin Deep: Paediatric Dermatology Image Resource,Skin Deep,True,False,False,True,False,BILATERAL_OR_MIDLINE,AUTO_RULE_NONLR_ONLY_TO_BILATERAL_MIDLINE,FINAL,YES,NO,AUTO_RULE_ONLY_UTD_OR_BILATERAL_LABELS,,,,,,,
DLB_00012313,skindeep_clinical_images,images/DLB_00012313.jpg,3,Avery|Hana|Sakura,UNABLE_TO_DETERMINE,2,MAJORITY_2_OF_3,"{""BILATERAL_OR_MIDLINE"": 1, ""UNABLE_TO_DETERMINE"": 2}",0,0,1,2,0,0,0,3,lower_leg,3,"{""lower_leg"": 3}",distinct_landmarks,3,"{""distinct_landmarks"": 3}",3,3,2,0,3,False,False,skindeep_clinical_images,DLB_00012313.jpg,skindeep_clinical_images,Skin Deep: Paediatric Dermatology Image Resource,Skin Deep,True,False,False,True,False,BILATERAL_OR_MIDLINE,AUTO_RULE_NONLR_ONLY_TO_BILATERAL_MIDLINE,FINAL,YES,NO,AUTO_RULE_ONLY_UTD_OR_BILATERAL_LABELS,,,,,,,
DLB_00012314,skindeep_clinical_images,images/DLB_00012314.jpg,3,Avery|Mitchell|Sakura,RIGHT,3,FULL_AGREEMENT,"{""RIGHT"": 3}",0,3,0,0,0,0,3,3,hand,3,"{""hand"": 3}",distinct_landmarks,3,"{""distinct_landmarks"": 3}",3,3,3,0,3,True,False,skindeep_clinical_images,DLB_00012314.jpg,skindeep_clinical_images,Skin Deep: Paediatric Dermatology Image Resource,Skin Deep,True,False,False,False,False,RIGHT,MAJORITY_OR_FULL_CONSENSUS,FINAL,YES,YES,,,,,,,,
DLB_00012315,skindeep_clinical_images,images/DLB_00012315.jpg,3,Avery|Hana|Mitchell,BILATERAL_OR_MIDLINE,3,FULL_AGREEMENT,"{""BILATERAL_OR_MIDLINE"": 3}",0,0,3,0,0,0,0,3,other,3,"{""other"": 3}",distinct_landmarks,3,"{""distinct_landmarks"": 3}",3,3,0,0,3,False,False,skindeep_clinical_images,DLB_00012315.jpg,skindeep_clinical_images,Skin Deep: Paediatric Dermatology Image Resource,Skin Deep,True,False,False,False,False,BILATERAL_OR_MIDLINE,MAJORITY_OR_FULL_CONSENSUS,FINAL,YES,NO,,,,,,,,
DLB_00012316,skindeep_clinical_images,images/DLB_00012316.jpg,3,Hana|Mitchell|Sakura,LEFT,3,FULL_AGREEMENT,"{""LEFT"": 3}",3,0,0,0,0,0,3,3,toe,2,"{""foot"": 1, ""toe"": 2}",distinct_landmarks,3,"{""distinct_landmarks"": 3}",3,3,1,0,3,True,False,skindeep_clinical_images,DLB_00012316.jpg,skindeep_clinical_images,Skin Deep: Paediatric Dermatology Image Resource,Skin Deep,True,False,False,False,False,LEFT,MAJORITY_OR_FULL_CONSENSUS,FINAL,YES,YES,,,,,,,,
DLB_00012317,skindeep_clinical_images,images/DLB_00012317.jpg,3,Avery|Hana|Sakura,UNABLE_TO_DETERMINE,2,MAJORITY_2_OF_3,"{""BILATERAL_OR_MIDLINE"": 1, ""UNABLE_TO_DETERMINE"": 2}",0,0,1,2,0,0,0,3,finger,3,"{""finger"": 3}",distinct_landmarks,3,"{""distinct_landmarks"": 3}",3,3,2,0,3,False,False,skindeep_clinical_images,DLB_00012317.jpg,skindeep_clinical_images,Skin Deep: Paediatric Dermatology Image Resource,Skin Deep,True,False,False,True,False,BILATERAL_OR_MIDLINE,AUTO_RULE_NONLR_ONLY_TO_BILATERAL_MIDLINE,FINAL,YES,NO,AUTO_RULE_ONLY_UTD_OR_BILATERAL_LABELS,,,,,,,
DLB_00012318,skindeep_clinical_images,images/DLB_00012318.jpg,3,Avery|Mitchell|Sakura,BILATERAL_OR_MIDLINE,2,MAJORITY_2_OF_3,"{""BILATERAL_OR_MIDLINE"": 2, ""UNABLE_TO_DETERMINE"": 1}",0,0,2,1,0,0,0,3,back,3,"{""back"": 3}",distinct_landmarks,3,"{""distinct_landmarks"": 3}",3,3,0,0,3,False,False,skindeep_clinical_images,DLB_00012318.jpg,skindeep_clinical_images,Skin Deep: Paediatric Dermatology Image Resource,Skin Deep,True,False,False,True,False,BILATERAL_OR_MIDLINE,AUTO_RULE_NONLR_ONLY_TO_BILATERAL_MIDLINE,FINAL,YES,NO,AUTO_RULE_ONLY_UTD_OR_BILATERAL_LABELS,,,,,,,
DLB_00012319,skindeep_clinical_images,images/DLB_00012319.jpg,3,Avery|Hana|Mitchell,BILATERAL_OR_MIDLINE,2,MAJORITY_2_OF_3,"{""BILATERAL_OR_MIDLINE"": 2, ""UNABLE_TO_DETERMINE"": 1}",0,0,2,1,0,0,0,3,lower_leg,3,"{""lower_leg"": 3}",distinct_landmarks,3,"{""distinct_landmarks"": 3}",3,3,2,0,3,False,False,skindeep_clinical_images,DLB_00012319.jpg,skindeep_clinical_images,Skin Deep: Paediatric Dermatology Image Resource,Skin Deep,True,False,False,True,False,BILATERAL_OR_MIDLINE,AUTO_RULE_NONLR_ONLY_TO_BILATERAL_MIDLINE,FINAL,YES,NO,AUTO_RULE_ONLY_UTD_OR_BILATERAL_LABELS,,,,,,,
DLB_00012320,skindeep_clinical_images,images/DLB_00012320.jpg,3,Hana|Mitchell|Sakura,UNABLE_TO_DETERMINE,2,MAJORITY_2_OF_3,"{""BILATERAL_OR_MIDLINE"": 1, ""UNABLE_TO_DETERMINE"": 2}",0,0,1,2,0,0,0,3,lower_leg,3,"{""lower_leg"": 3}",distinct_landmarks,3,"{""distinct_landmarks"": 3}",3,3,2,0,3,False,False,skindeep_clinical_images,DLB_00012320.jpg,skindeep_clinical_images,Skin Deep: Paediatric Dermatology Image Resource,Skin Deep,True,False,False,True,False,BILATERAL_OR_MIDLINE,AUTO_RULE_NONLR_ONLY_TO_BILATERAL_MIDLINE,FINAL,YES,NO,AUTO_RULE_ONLY_UTD_OR_BILATERAL_LABELS,,,,,,,
DLB_00012321,skindeep_clinical_images,images/DLB_00012321.jpg,3,Avery|Hana|Sakura,UNABLE_TO_DETERMINE,2,MAJORITY_2_OF_3,"{""BILATERAL_OR_MIDLINE"": 1, ""UNABLE_TO_DETERMINE"": 2}",0,0,1,2,0,0,0,3,thigh,2,"{""multiple"": 1, ""thigh"": 2}",distinct_landmarks,3,"{""distinct_landmarks"": 3}",3,3,3,0,3,False,False,skindeep_clinical_images,DLB_00012321.jpg,skindeep_clinical_images,Skin Deep: Paediatric Dermatology Image Resource,Skin Deep,True,False,False,True,False,BILATERAL_OR_MIDLINE,AUTO_RULE_NONLR_ONLY_TO_BILATERAL_MIDLINE,FINAL,YES,NO,AUTO_RULE_ONLY_UTD_OR_BILATERAL_LABELS,,,,,,,
DLB_00012322,skindeep_clinical_images,images/DLB_00012322.jpg,3,Avery|Mitchell|Sakura,BILATERAL_OR_MIDLINE,2,MAJORITY_2_OF_3,"{""BILATERAL_OR_MIDLINE"": 2, ""UNABLE_TO_DETERMINE"": 1}",0,0,2,1,0,0,0,3,forearm,3,"{""forearm"": 3}",distinct_landmarks,3,"{""distinct_landmarks"": 3}",3,3,1,0,3,False,False,skindeep_clinical_images,DLB_00012322.jpg,skindeep_clinical_images,Skin Deep: Paediatric Dermatology Image Resource,Skin Deep,True,False,False,True,False,BILATERAL_OR_MIDLINE,AUTO_RULE_NONLR_ONLY_TO_BILATERAL_MIDLINE,FINAL,YES,NO,AUTO_RULE_ONLY_UTD_OR_BILATERAL_LABELS,,,,,,,
DLB_00012323,skindeep_clinical_images,images/DLB_00012323.jpg,3,Avery|Hana|Mitchell,RIGHT,3,FULL_AGREEMENT,"{""RIGHT"": 3}",0,3,0,0,0,0,3,3,hand,2,"{""finger"": 1, ""hand"": 2}",distinct_landmarks,3,"{""distinct_landmarks"": 3}",3,3,1,0,3,True,False,skindeep_clinical_images,DLB_00012323.jpg,skindeep_clinical_images,Skin Deep: Paediatric Dermatology Image Resource,Skin Deep,True,False,False,False,False,RIGHT,MAJORITY_OR_FULL_CONSENSUS,FINAL,YES,YES,,,,,,,,
DLB_00012324,skindeep_clinical_images,images/DLB_00012324.jpg,3,Hana|Mitchell|Sakura,BILATERAL_OR_MIDLINE,2,MAJORITY_2_OF_3,"{""BILATERAL_OR_MIDLINE"": 2, ""RIGHT"": 1}",0,1,2,0,0,0,1,3,face,3,"{""face"": 3}",distinct_landmarks,3,"{""distinct_landmarks"": 3}",3,3,0,0,3,False,False,skindeep_clinical_images,DLB_00012324.jpg,skindeep_clinical_images,Skin Deep: Paediatric Dermatology Image Resource,Skin Deep,True,False,False,False,False,BILATERAL_OR_MIDLINE,MAJORITY_OR_FULL_CONSENSUS,FINAL,YES,NO,,,,,,,,
DLB_00012325,skindeep_clinical_images,images/DLB_00012325.jpg,3,Avery|Hana|Sakura,NO_MAJORITY,1,THREE_WAY_DISAGREEMENT,"{""BILATERAL_OR_MIDLINE"": 1, ""RIGHT"": 1, ""UNABLE_TO_DETERMINE"": 1}",0,1,1,1,0,0,1,3,multiple,3,"{""multiple"": 3}",distinct_landmarks,3,"{""distinct_landmarks"": 3}",3,3,2,0,3,False,False,skindeep_clinical_images,DLB_00012325.jpg,skindeep_clinical_images,Skin Deep: Paediatric Dermatology Image Resource,Skin Deep,True,False,True,False,True,BILATERAL_OR_MIDLINE,CLINICAL_EXPERT_ADJUDICATION_NEW_EXPORT,FINAL,YES,NO,,,multiple,DISTINCT_LANDMARKS,COMPLETE,DLB_ADJ_00652,,
DLB_00012326,skindeep_clinical_images,images/DLB_00012326.jpg,3,Avery|Mitchell|Sakura,RIGHT,2,MAJORITY_2_OF_3,"{""BILATERAL_OR_MIDLINE"": 1, ""RIGHT"": 2}",0,2,1,0,0,0,2,3,multiple,3,"{""multiple"": 3}",distinct_landmarks,3,"{""distinct_landmarks"": 3}",3,3,2,0,3,True,False,skindeep_clinical_images,DLB_00012326.jpg,skindeep_clinical_images,Skin Deep: Paediatric Dermatology Image Resource,Skin Deep,True,False,False,False,False,RIGHT,MAJORITY_OR_FULL_CONSENSUS,FINAL,YES,YES,,,,,,,,
DLB_00012327,skindeep_clinical_images,images/DLB_00012327.jpg,3,Avery|Hana|Mitchell,BILATERAL_OR_MIDLINE,2,MAJORITY_2_OF_3,"{""BILATERAL_OR_MIDLINE"": 2, ""UNABLE_TO_DETERMINE"": 1}",0,0,2,1,0,0,0,3,multiple,3,"{""multiple"": 3}",distinct_landmarks,3,"{""distinct_landmarks"": 3}",3,3,2,0,3,False,False,skindeep_clinical_images,DLB_00012327.jpg,skindeep_clinical_images,Skin Deep: Paediatric Dermatology Image Resource,Skin Deep,True,False,False,True,False,BILATERAL_OR_MIDLINE,AUTO_RULE_NONLR_ONLY_TO_BILATERAL_MIDLINE,FINAL,YES,NO,AUTO_RULE_ONLY_UTD_OR_BILATERAL_LABELS,,,,,,,
DLB_00012328,skindeep_clinical_images,images/DLB_00012328.jpg,3,Hana|Mitchell|Sakura,UNABLE_TO_DETERMINE,2,MAJORITY_2_OF_3,"{""BILATERAL_OR_MIDLINE"": 1, ""UNABLE_TO_DETERMINE"": 2}",0,0,1,2,0,0,0,3,multiple,2,"{""multiple"": 2, ""upper_arm"": 1}",distinct_landmarks,3,"{""distinct_landmarks"": 3}",3,3,2,0,3,False,False,skindeep_clinical_images,DLB_00012328.jpg,skindeep_clinical_images,Skin Deep: Paediatric Dermatology Image Resource,Skin Deep,True,False,False,True,False,BILATERAL_OR_MIDLINE,AUTO_RULE_NONLR_ONLY_TO_BILATERAL_MIDLINE,FINAL,YES,NO,AUTO_RULE_ONLY_UTD_OR_BILATERAL_LABELS,,,,,,,
DLB_00012329,skindeep_clinical_images,images/DLB_00012329.jpg,3,Avery|Hana|Sakura,BILATERAL_OR_MIDLINE,3,FULL_AGREEMENT,"{""BILATERAL_OR_MIDLINE"": 3}",0,0,3,0,0,0,0,3,neck,3,"{""neck"": 3}",distinct_landmarks,3,"{""distinct_landmarks"": 3}",3,3,2,0,3,False,False,skindeep_clinical_images,DLB_00012329.jpg,skindeep_clinical_images,Skin Deep: Paediatric Dermatology Image Resource,Skin Deep,True,False,False,False,False,BILATERAL_OR_MIDLINE,MAJORITY_OR_FULL_CONSENSUS,FINAL,YES,NO,,,,,,,,
DLB_00012330,skindeep_clinical_images,images/DLB_00012330.jpg,3,Avery|Mitchell|Sakura,UNABLE_TO_DETERMINE,2,MAJORITY_2_OF_3,"{""RIGHT"": 1, ""UNABLE_TO_DETERMINE"": 2}",0,1,0,2,0,0,1,1,finger,3,"{""finger"": 3}",distinct_landmarks,2,"{""distinct_landmarks"": 2, ""limited_landmarks"": 1}",2,3,1,0,2,False,False,skindeep_clinical_images,DLB_00012330.jpg,skindeep_clinical_images,Skin Deep: Paediatric Dermatology Image Resource,Skin Deep,True,False,False,False,False,UNABLE_TO_DETERMINE,MAJORITY_OR_FULL_CONSENSUS,FINAL,YES,NO,,,,,,,,
DLB_00012331,skindeep_clinical_images,images/DLB_00012331.jpg,3,Avery|Hana|Mitchell,BILATERAL_OR_MIDLINE,3,FULL_AGREEMENT,"{""BILATERAL_OR_MIDLINE"": 3}",0,0,3,0,0,0,0,3,abdomen,2,"{""abdomen"": 2, ""other"": 1}",distinct_landmarks,3,"{""distinct_landmarks"": 3}",3,3,1,0,3,False,False,skindeep_clinical_images,DLB_00012331.jpg,skindeep_clinical_images,Skin Deep: Paediatric Dermatology Image Resource,Skin Deep,True,False,False,False,False,BILATERAL_OR_MIDLINE,MAJORITY_OR_FULL_CONSENSUS,FINAL,YES,NO,,,,,,,,
DLB_00012332,skindeep_clinical_images,images/DLB_00012332.jpg,3,Hana|Mitchell|Sakura,RIGHT,3,FULL_AGREEMENT,"{""RIGHT"": 3}",0,3,0,0,0,0,3,3,toe,3,"{""toe"": 3}",distinct_landmarks,3,"{""distinct_landmarks"": 3}",3,3,2,0,3,True,False,skindeep_clinical_images,DLB_00012332.jpg,skindeep_clinical_images,Skin Deep: Paediatric Dermatology Image Resource,Skin Deep,True,False,False,False,False,RIGHT,MAJORITY_OR_FULL_CONSENSUS,FINAL,YES,YES,,,,,,,,
DLB_00012333,skindeep_clinical_images,images/DLB_00012333.jpg,3,Avery|Hana|Sakura,BILATERAL_OR_MIDLINE,3,FULL_AGREEMENT,"{""BILATERAL_OR_MIDLINE"": 3}",0,0,3,0,0,0,0,3,other,3,"{""other"": 3}",distinct_landmarks,3,"{""distinct_landmarks"": 3}",3,3,1,0,3,False,False,skindeep_clinical_images,DLB_00012333.jpg,skindeep_clinical_images,Skin Deep: Paediatric Dermatology Image Resource,Skin Deep,True,False,False,False,False,BILATERAL_OR_MIDLINE,MAJORITY_OR_FULL_CONSENSUS,FINAL,YES,NO,,,,,,,,
DLB_00012334,skindeep_clinical_images,images/DLB_00012334.jpg,3,Avery|Mitchell|Sakura,BILATERAL_OR_MIDLINE,2,MAJORITY_2_OF_3,"{""BILATERAL_OR_MIDLINE"": 2, ""UNABLE_TO_DETERMINE"": 1}",0,0,2,1,0,0,0,2,other,1,"{""abdomen"": 1, ""other"": 1, ""unable_to_determine"": 1}",distinct_landmarks,2,"{""distinct_landmarks"": 2, ""no_landmarks"": 1}",2,2,0,0,2,False,False,skindeep_clinical_images,DLB_00012334.jpg,skindeep_clinical_images,Skin Deep: Paediatric Dermatology Image Resource,Skin Deep,True,False,False,True,False,BILATERAL_OR_MIDLINE,AUTO_RULE_NONLR_ONLY_TO_BILATERAL_MIDLINE,FINAL,YES,NO,AUTO_RULE_ONLY_UTD_OR_BILATERAL_LABELS,,,,,,,
DLB_00012335,skindeep_clinical_images,images/DLB_00012335.jpg,3,Avery|Hana|Mitchell,BILATERAL_OR_MIDLINE,3,FULL_AGREEMENT,"{""BILATERAL_OR_MIDLINE"": 3}",0,0,3,0,0,0,0,3,other,2,"{""face"": 1, ""other"": 2}",distinct_landmarks,3,"{""distinct_landmarks"": 3}",3,3,3,0,3,False,False,skindeep_clinical_images,DLB_00012335.jpg,skindeep_clinical_images,Skin Deep: Paediatric Dermatology Image Resource,Skin Deep,True,False,False,False,False,BILATERAL_OR_MIDLINE,MAJORITY_OR_FULL_CONSENSUS,FINAL,YES,NO,,,,,,,,
DLB_00012336,skindeep_clinical_images,images/DLB_00012336.jpg,3,Hana|Mitchell|Sakura,RIGHT,3,FULL_AGREEMENT,"{""RIGHT"": 3}",0,3,0,0,0,0,3,3,neck,3,"{""neck"": 3}",distinct_landmarks,3,"{""distinct_landmarks"": 3}",3,3,0,0,3,True,True,skindeep_clinical_images,DLB_00012336.jpg,skindeep_clinical_images,Skin Deep: Paediatric Dermatology Image Resource,Skin Deep,True,False,False,False,False,RIGHT,MAJORITY_OR_FULL_CONSENSUS,FINAL,YES,YES,,,,,,,,
DLB_00012337,skindeep_clinical_images,images/DLB_00012337.jpg,3,Avery|Hana|Sakura,NO_MAJORITY,1,THREE_WAY_DISAGREEMENT,"{""LEFT"": 1, ""RIGHT"": 1, ""UNABLE_TO_DETERMINE"": 1}",1,1,0,1,0,0,2,2,unable_to_determine,1,"{""abdomen"": 1, ""back"": 1, ""unable_to_determine"": 1}",no_landmarks,1,"{""distinct_landmarks"": 1, ""limited_landmarks"": 1, ""no_landmarks"": 1}",1,2,0,0,2,False,False,skindeep_clinical_images,DLB_00012337.jpg,skindeep_clinical_images,Skin Deep: Paediatric Dermatology Image Resource,Skin Deep,True,True,True,False,True,LEFT,CLINICAL_EXPERT,FINAL,YES,YES,SkinDeep prior adjudication incorporated.,,,,,,,
DLB_00012338,skindeep_clinical_images,images/DLB_00012338.jpg,3,Avery|Mitchell|Sakura,BILATERAL_OR_MIDLINE,2,MAJORITY_2_OF_3,"{""BILATERAL_OR_MIDLINE"": 2, ""UNABLE_TO_DETERMINE"": 1}",0,0,2,1,0,0,0,3,multiple,3,"{""multiple"": 3}",distinct_landmarks,3,"{""distinct_landmarks"": 3}",3,3,2,0,3,False,False,skindeep_clinical_images,DLB_00012338.jpg,skindeep_clinical_images,Skin Deep: Paediatric Dermatology Image Resource,Skin Deep,True,False,False,True,False,BILATERAL_OR_MIDLINE,AUTO_RULE_NONLR_ONLY_TO_BILATERAL_MIDLINE,FINAL,YES,NO,AUTO_RULE_ONLY_UTD_OR_BILATERAL_LABELS,,,,,,,
DLB_00012339,skindeep_clinical_images,images/DLB_00012339.jpg,3,Avery|Hana|Mitchell,BILATERAL_OR_MIDLINE,3,FULL_AGREEMENT,"{""BILATERAL_OR_MIDLINE"": 3}",0,0,3,0,0,0,0,3,abdomen,3,"{""abdomen"": 3}",distinct_landmarks,3,"{""distinct_landmarks"": 3}",3,3,2,0,3,False,False,skindeep_clinical_images,DLB_00012339.jpg,skindeep_clinical_images,Skin Deep: Paediatric Dermatology Image Resource,Skin Deep,True,False,False,False,False,BILATERAL_OR_MIDLINE,MAJORITY_OR_FULL_CONSENSUS,FINAL,YES,NO,,,,,,,,
DLB_00012340,skindeep_clinical_images,images/DLB_00012340.jpg,3,Hana|Mitchell|Sakura,UNABLE_TO_DETERMINE,2,MAJORITY_2_OF_3,"{""LEFT"": 1, ""UNABLE_TO_DETERMINE"": 2}",1,0,0,2,0,0,1,1,unable_to_determine,2,"{""back"": 1, ""unable_to_determine"": 2}",no_landmarks,2,"{""distinct_landmarks"": 1, ""no_landmarks"": 2}",1,1,0,0,2,False,False,skindeep_clinical_images,DLB_00012340.jpg,skindeep_clinical_images,Skin Deep: Paediatric Dermatology Image Resource,Skin Deep,True,False,False,False,False,UNABLE_TO_DETERMINE,MAJORITY_OR_FULL_CONSENSUS,FINAL,YES,NO,,,,,,,,
DLB_00012341,skindeep_clinical_images,images/DLB_00012341.jpg,3,Avery|Hana|Sakura,LEFT,2,MAJORITY_2_OF_3,"{""LEFT"": 2, ""RIGHT"": 1}",2,1,0,0,0,0,3,3,multiple,3,"{""multiple"": 3}",distinct_landmarks,3,"{""distinct_landmarks"": 3}",3,3,2,0,3,True,False,skindeep_clinical_images,DLB_00012341.jpg,skindeep_clinical_images,Skin Deep: Paediatric Dermatology Image Resource,Skin Deep,True,True,False,False,True,LEFT,CLINICAL_EXPERT,FINAL,YES,YES,SkinDeep prior adjudication incorporated.,,,,,,,
DLB_00012342,skindeep_clinical_images,images/DLB_00012342.jpg,3,Avery|Mitchell|Sakura,RIGHT,2,MAJORITY_2_OF_3,"{""BILATERAL_OR_MIDLINE"": 1, ""RIGHT"": 2}",0,2,1,0,0,0,2,3,neck,2,"{""multiple"": 1, ""neck"": 2}",distinct_landmarks,3,"{""distinct_landmarks"": 3}",3,3,2,0,3,True,False,skindeep_clinical_images,DLB_00012342.jpg,skindeep_clinical_images,Skin Deep: Paediatric Dermatology Image Resource,Skin Deep,True,False,False,False,False,RIGHT,MAJORITY_OR_FULL_CONSENSUS,FINAL,YES,YES,,,,,,,,
DLB_00012343,skindeep_clinical_images,images/DLB_00012343.jpg,3,Avery|Hana|Mitchell,RIGHT,3,FULL_AGREEMENT,"{""RIGHT"": 3}",0,3,0,0,0,0,3,3,foot,3,"{""foot"": 3}",distinct_landmarks,3,"{""distinct_landmarks"": 3}",3,3,3,0,3,True,False,skindeep_clinical_images,DLB_00012343.jpg,skindeep_clinical_images,Skin Deep: Paediatric Dermatology Image Resource,Skin Deep,True,False,False,False,False,RIGHT,MAJORITY_OR_FULL_CONSENSUS,FINAL,YES,YES,,,,,,,,
DLB_00012344,skindeep_clinical_images,images/DLB_00012344.jpg,3,Hana|Mitchell|Sakura,LEFT,3,FULL_AGREEMENT,"{""LEFT"": 3}",3,0,0,0,0,0,3,3,hand,2,"{""finger"": 1, ""hand"": 2}",distinct_landmarks,3,"{""distinct_landmarks"": 3}",3,3,3,0,3,True,False,skindeep_clinical_images,DLB_00012344.jpg,skindeep_clinical_images,Skin Deep: Paediatric Dermatology Image Resource,Skin Deep,True,False,False,False,False,LEFT,MAJORITY_OR_FULL_CONSENSUS,FINAL,YES,YES,,,,,,,,
DLB_00012345,skindeep_clinical_images,images/DLB_00012345.jpg,3,Avery|Hana|Sakura,UNABLE_TO_DETERMINE,2,MAJORITY_2_OF_3,"{""BILATERAL_OR_MIDLINE"": 1, ""UNABLE_TO_DETERMINE"": 2}",0,0,1,2,0,0,0,3,thigh,3,"{""thigh"": 3}",distinct_landmarks,3,"{""distinct_landmarks"": 3}",3,3,2,0,3,False,False,skindeep_clinical_images,DLB_00012345.jpg,skindeep_clinical_images,Skin Deep: Paediatric Dermatology Image Resource,Skin Deep,True,False,False,True,False,BILATERAL_OR_MIDLINE,AUTO_RULE_NONLR_ONLY_TO_BILATERAL_MIDLINE,FINAL,YES,NO,AUTO_RULE_ONLY_UTD_OR_BILATERAL_LABELS,,,,,,,
DLB_00012346,skindeep_clinical_images,images/DLB_00012346.jpg,3,Avery|Mitchell|Sakura,BILATERAL_OR_MIDLINE,3,FULL_AGREEMENT,"{""BILATERAL_OR_MIDLINE"": 3}",0,0,3,0,0,0,0,3,abdomen,2,"{""abdomen"": 2, ""chest"": 1}",distinct_landmarks,3,"{""distinct_landmarks"": 3}",3,3,1,0,3,False,False,skindeep_clinical_images,DLB_00012346.jpg,skindeep_clinical_images,Skin Deep: Paediatric Dermatology Image Resource,Skin Deep,True,False,False,False,False,BILATERAL_OR_MIDLINE,MAJORITY_OR_FULL_CONSENSUS,FINAL,YES,NO,,,,,,,,
DLB_00012347,skindeep_clinical_images,images/DLB_00012347.jpg,3,Avery|Hana|Mitchell,RIGHT,2,MAJORITY_2_OF_3,"{""BILATERAL_OR_MIDLINE"": 1, ""RIGHT"": 2}",0,2,1,0,0,0,2,3,chest,2,"{""chest"": 2, ""multiple"": 1}",distinct_landmarks,3,"{""distinct_landmarks"": 3}",3,3,1,0,3,True,False,skindeep_clinical_images,DLB_00012347.jpg,skindeep_clinical_images,Skin Deep: Paediatric Dermatology Image Resource,Skin Deep,True,False,False,False,False,RIGHT,MAJORITY_OR_FULL_CONSENSUS,FINAL,YES,YES,,,,,,,,
DLB_00012348,skindeep_clinical_images,images/DLB_00012348.jpg,3,Hana|Mitchell|Sakura,NO_MAJORITY,1,THREE_WAY_DISAGREEMENT,"{""BILATERAL_OR_MIDLINE"": 1, ""LEFT"": 1, ""UNABLE_TO_DETERMINE"": 1}",1,0,1,1,0,0,1,3,back,3,"{""back"": 3}",distinct_landmarks,3,"{""distinct_landmarks"": 3}",3,3,0,0,3,False,False,skindeep_clinical_images,DLB_00012348.jpg,skindeep_clinical_images,Skin Deep: Paediatric Dermatology Image Resource,Skin Deep,True,False,True,False,True,BILATERAL_OR_MIDLINE,MANUAL_USER_ADJUDICATION,FINAL,YES,NO,Manual user adjudication: DLB_00012348 is bilateral/midline and back.,,back,,COMPLETE,DLB_ADJ_00653,,
DLB_00012349,skindeep_clinical_images,images/DLB_00012349.jpg,3,Avery|Hana|Sakura,UNABLE_TO_DETERMINE,2,MAJORITY_2_OF_3,"{""BILATERAL_OR_MIDLINE"": 1, ""UNABLE_TO_DETERMINE"": 2}",0,0,1,2,0,0,0,3,face,3,"{""face"": 3}",distinct_landmarks,3,"{""distinct_landmarks"": 3}",3,3,0,0,3,False,False,skindeep_clinical_images,DLB_00012349.jpg,skindeep_clinical_images,Skin Deep: Paediatric Dermatology Image Resource,Skin Deep,True,False,False,True,False,BILATERAL_OR_MIDLINE,AUTO_RULE_NONLR_ONLY_TO_BILATERAL_MIDLINE,FINAL,YES,NO,AUTO_RULE_ONLY_UTD_OR_BILATERAL_LABELS,,,,,,,
DLB_00012350,skindeep_clinical_images,images/DLB_00012350.jpg,3,Avery|Mitchell|Sakura,UNABLE_TO_DETERMINE,2,MAJORITY_2_OF_3,"{""BILATERAL_OR_MIDLINE"": 1, ""UNABLE_TO_DETERMINE"": 2}",0,0,1,2,0,0,0,1,back,1,"{""abdomen"": 1, ""back"": 1, ""unable_to_determine"": 1}",limited_landmarks,1,"{""distinct_landmarks"": 1, ""limited_landmarks"": 1, ""no_landmarks"": 1}",1,2,0,0,1,False,False,skindeep_clinical_images,DLB_00012350.jpg,skindeep_clinical_images,Skin Deep: Paediatric Dermatology Image Resource,Skin Deep,True,False,False,True,False,BILATERAL_OR_MIDLINE,AUTO_RULE_NONLR_ONLY_TO_BILATERAL_MIDLINE,FINAL,YES,NO,AUTO_RULE_ONLY_UTD_OR_BILATERAL_LABELS,,,,,,,
DLB_00012351,skindeep_clinical_images,images/DLB_00012351.jpg,3,Avery|Hana|Mitchell,BILATERAL_OR_MIDLINE,2,MAJORITY_2_OF_3,"{""BILATERAL_OR_MIDLINE"": 2, ""UNABLE_TO_DETERMINE"": 1}",0,0,2,1,0,0,0,3,face,2,"{""face"": 2, ""multiple"": 1}",distinct_landmarks,3,"{""distinct_landmarks"": 3}",3,3,2,0,3,False,False,skindeep_clinical_images,DLB_00012351.jpg,skindeep_clinical_images,Skin Deep: Paediatric Dermatology Image Resource,Skin Deep,True,False,False,True,False,BILATERAL_OR_MIDLINE,AUTO_RULE_NONLR_ONLY_TO_BILATERAL_MIDLINE,FINAL,YES,NO,AUTO_RULE_ONLY_UTD_OR_BILATERAL_LABELS,,,,,,,
DLB_00012352,skindeep_clinical_images,images/DLB_00012352.jpg,3,Hana|Mitchell|Sakura,NO_MAJORITY,1,THREE_WAY_DISAGREEMENT,"{""BILATERAL_OR_MIDLINE"": 1, ""LEFT"": 1, ""UNABLE_TO_DETERMINE"": 1}",1,0,1,1,0,0,1,3,back,3,"{""back"": 3}",distinct_landmarks,3,"{""distinct_landmarks"": 3}",3,3,2,0,3,False,False,skindeep_clinical_images,DLB_00012352.jpg,skindeep_clinical_images,Skin Deep: Paediatric Dermatology Image Resource,Skin Deep,True,False,True,False,True,BILATERAL_OR_MIDLINE,CLINICAL_EXPERT_ADJUDICATION_NEW_EXPORT,FINAL,YES,NO,,,back,DISTINCT_LANDMARKS,COMPLETE,DLB_ADJ_00654,,
DLB_00012353,skindeep_clinical_images,images/DLB_00012353.jpg,3,Avery|Hana|Sakura,LEFT,3,FULL_AGREEMENT,"{""LEFT"": 3}",3,0,0,0,0,0,3,3,thigh,3,"{""thigh"": 3}",distinct_landmarks,3,"{""distinct_landmarks"": 3}",3,3,2,0,3,True,False,skindeep_clinical_images,DLB_00012353.jpg,skindeep_clinical_images,Skin Deep: Paediatric Dermatology Image Resource,Skin Deep,True,False,False,False,False,LEFT,MAJORITY_OR_FULL_CONSENSUS,FINAL,YES,YES,,,,,,,,
DLB_00012354,skindeep_clinical_images,images/DLB_00012354.jpg,3,Avery|Mitchell|Sakura,LEFT,2,MAJORITY_2_OF_3,"{""BILATERAL_OR_MIDLINE"": 1, ""LEFT"": 2}",2,0,1,0,0,0,2,3,multiple,2,"{""chest"": 1, ""multiple"": 2}",distinct_landmarks,3,"{""distinct_landmarks"": 3}",3,3,2,0,3,True,False,skindeep_clinical_images,DLB_00012354.jpg,skindeep_clinical_images,Skin Deep: Paediatric Dermatology Image Resource,Skin Deep,True,False,False,False,False,LEFT,MAJORITY_OR_FULL_CONSENSUS,FINAL,YES,YES,,,,,,,,
DLB_00012355,skindeep_clinical_images,images/DLB_00012355.jpg,3,Avery|Hana|Mitchell,LEFT,2,MAJORITY_2_OF_3,"{""LEFT"": 2, ""RIGHT"": 1}",2,1,0,0,0,0,3,3,multiple,2,"{""back"": 1, ""multiple"": 2}",distinct_landmarks,3,"{""distinct_landmarks"": 3}",3,3,2,0,3,True,False,skindeep_clinical_images,DLB_00012355.jpg,skindeep_clinical_images,Skin Deep: Paediatric Dermatology Image Resource,Skin Deep,True,True,False,False,True,LEFT,CLINICAL_EXPERT,FINAL,YES,YES,SkinDeep prior adjudication incorporated.,,,,,,,
DLB_00012356,skindeep_clinical_images,images/DLB_00012356.jpg,3,Hana|Mitchell|Sakura,RIGHT,2,MAJORITY_2_OF_3,"{""BILATERAL_OR_MIDLINE"": 1, ""RIGHT"": 2}",0,2,1,0,0,0,2,3,thigh,2,"{""multiple"": 1, ""thigh"": 2}",distinct_landmarks,3,"{""distinct_landmarks"": 3}",3,3,3,0,3,True,False,skindeep_clinical_images,DLB_00012356.jpg,skindeep_clinical_images,Skin Deep: Paediatric Dermatology Image Resource,Skin Deep,True,False,False,False,False,RIGHT,MAJORITY_OR_FULL_CONSENSUS,FINAL,YES,YES,,,,,,,,
DLB_00012357,skindeep_clinical_images,images/DLB_00012357.jpg,3,Avery|Hana|Sakura,RIGHT,3,FULL_AGREEMENT,"{""RIGHT"": 3}",0,3,0,0,0,0,3,3,face,2,"{""face"": 2, ""other"": 1}",distinct_landmarks,3,"{""distinct_landmarks"": 3}",3,3,0,0,3,True,True,skindeep_clinical_images,DLB_00012357.jpg,skindeep_clinical_images,Skin Deep: Paediatric Dermatology Image Resource,Skin Deep,True,False,False,False,False,RIGHT,MAJORITY_OR_FULL_CONSENSUS,FINAL,YES,YES,,,,,,,,
DLB_00012358,skindeep_clinical_images,images/DLB_00012358.jpg,3,Avery|Mitchell|Sakura,LEFT,3,FULL_AGREEMENT,"{""LEFT"": 3}",3,0,0,0,0,0,3,3,thigh,3,"{""thigh"": 3}",distinct_landmarks,3,"{""distinct_landmarks"": 3}",3,3,1,0,3,True,False,skindeep_clinical_images,DLB_00012358.jpg,skindeep_clinical_images,Skin Deep: Paediatric Dermatology Image Resource,Skin Deep,True,False,False,False,False,LEFT,MAJORITY_OR_FULL_CONSENSUS,FINAL,YES,YES,,,,,,,,
DLB_00012359,skindeep_clinical_images,images/DLB_00012359.jpg,3,Avery|Hana|Mitchell,RIGHT,3,FULL_AGREEMENT,"{""RIGHT"": 3}",0,3,0,0,0,0,3,3,knee,3,"{""knee"": 3}",distinct_landmarks,3,"{""distinct_landmarks"": 3}",3,3,2,0,3,True,False,skindeep_clinical_images,DLB_00012359.jpg,skindeep_clinical_images,Skin Deep: Paediatric Dermatology Image Resource,Skin Deep,True,False,False,False,False,RIGHT,MAJORITY_OR_FULL_CONSENSUS,FINAL,YES,YES,,,,,,,,
DLB_00012360,skindeep_clinical_images,images/DLB_00012360.jpg,3,Hana|Mitchell|Sakura,BILATERAL_OR_MIDLINE,3,FULL_AGREEMENT,"{""BILATERAL_OR_MIDLINE"": 3}",0,0,3,0,0,0,0,3,face,3,"{""face"": 3}",distinct_landmarks,3,"{""distinct_landmarks"": 3}",3,3,0,0,3,False,False,skindeep_clinical_images,DLB_00012360.jpg,skindeep_clinical_images,Skin Deep: Paediatric Dermatology Image Resource,Skin Deep,True,False,False,False,False,BILATERAL_OR_MIDLINE,MAJORITY_OR_FULL_CONSENSUS,FINAL,YES,NO,,,,,,,,
DLB_00012361,skindeep_clinical_images,images/DLB_00012361.jpg,3,Avery|Hana|Sakura,BILATERAL_OR_MIDLINE,3,FULL_AGREEMENT,"{""BILATERAL_OR_MIDLINE"": 3}",0,0,3,0,0,0,0,3,face,2,"{""face"": 2, ""other"": 1}",distinct_landmarks,3,"{""distinct_landmarks"": 3}",3,3,0,0,3,False,False,skindeep_clinical_images,DLB_00012361.jpg,skindeep_clinical_images,Skin Deep: Paediatric Dermatology Image Resource,Skin Deep,True,False,False,False,False,BILATERAL_OR_MIDLINE,MAJORITY_OR_FULL_CONSENSUS,FINAL,YES,NO,,,,,,,,
DLB_00012362,skindeep_clinical_images,images/DLB_00012362.jpg,3,Avery|Mitchell|Sakura,BILATERAL_OR_MIDLINE,2,MAJORITY_2_OF_3,"{""BILATERAL_OR_MIDLINE"": 2, ""UNABLE_TO_DETERMINE"": 1}",0,0,2,1,0,0,0,3,face,3,"{""face"": 3}",distinct_landmarks,3,"{""distinct_landmarks"": 3}",3,3,0,0,3,False,False,skindeep_clinical_images,DLB_00012362.jpg,skindeep_clinical_images,Skin Deep: Paediatric Dermatology Image Resource,Skin Deep,True,False,False,True,False,BILATERAL_OR_MIDLINE,AUTO_RULE_NONLR_ONLY_TO_BILATERAL_MIDLINE,FINAL,YES,NO,AUTO_RULE_ONLY_UTD_OR_BILATERAL_LABELS,,,,,,,
DLB_00012363,skindeep_clinical_images,images/DLB_00012363.jpg,3,Avery|Hana|Mitchell,UNABLE_TO_DETERMINE,2,MAJORITY_2_OF_3,"{""RIGHT"": 1, ""UNABLE_TO_DETERMINE"": 2}",0,1,0,2,0,0,1,1,lower_leg,2,"{""forearm"": 1, ""lower_leg"": 2}",limited_landmarks,2,"{""distinct_landmarks"": 1, ""limited_landmarks"": 2}",1,3,3,0,2,False,False,skindeep_clinical_images,DLB_00012363.jpg,skindeep_clinical_images,Skin Deep: Paediatric Dermatology Image Resource,Skin Deep,True,False,False,False,False,UNABLE_TO_DETERMINE,MAJORITY_OR_FULL_CONSENSUS,FINAL,YES,NO,,,,,,,,
